prediction,label
0.991227924823761,1
0.9890377521514893,1
0.9890130758285522,1
0.9872851371765137,1
0.9883276224136353,1
0.9927880764007568,1
0.989142656326294,1
0.989721953868866,1
0.9895023703575134,1
0.9879815578460693,1
0.9880245327949524,1
0.9915210604667664,1
0.9892050623893738,1
0.9870731830596924,1
0.988801121711731,1
0.9882431626319885,1
0.9896746277809143,1
0.9877586960792542,1
0.9855194687843323,1
0.9906582236289978,1
0.9907592535018921,1
0.987186849117279,1
0.9910807013511658,1
0.9897719025611877,1
0.9930736422538757,1
0.9877384305000305,1
0.98736172914505,1
0.9907736778259277,1
0.9883804321289062,1
0.9893085956573486,1
0.9896471500396729,1
0.9924345016479492,1
0.9877312183380127,1
0.987293004989624,1
0.9856489300727844,1
0.9908826947212219,1
0.9859915971755981,1
0.9843010306358337,1
0.9741692543029785,1
0.9839840531349182,1
0.9901735782623291,1
0.9879158735275269,1
0.9875442385673523,1
0.9878453016281128,1
0.9914584755897522,1
0.9867464303970337,1
0.9832372069358826,1
0.9858265519142151,1
0.9881021976470947,1
0.9803365468978882,1
0.9903020858764648,1
0.9911413192749023,1
0.98365718126297,1
0.9907209277153015,1
0.9870370030403137,1
0.9920239448547363,1
0.9875777959823608,1
0.9875995516777039,1
0.9899776577949524,1
0.9856400489807129,1
0.9894378781318665,1
0.9946261644363403,1
0.9867182970046997,1
0.990531325340271,1
0.9934796690940857,1
0.9904271364212036,1
0.9113091230392456,1
0.9938764572143555,1
0.9899431467056274,1
0.9920852184295654,1
0.987278938293457,1
0.9922054409980774,1
0.9867140054702759,1
0.9904394149780273,1
0.9923131465911865,1
0.9825004935264587,1
0.9870510101318359,1
1.0000001192092896,1
0.9961336851119995,1
0.9900681972503662,1
0.9913018941879272,1
0.9891073703765869,1
0.9926895499229431,1
0.9935729503631592,1
0.9865468144416809,1
0.990831196308136,1
0.9869251251220703,1
0.9860101342201233,1
0.9926807284355164,1
0.9907035231590271,1
0.9929715394973755,1
0.9891647100448608,1
0.9900898933410645,1
0.9872488379478455,1
0.9876324534416199,1
0.99409019947052,1
0.9901624321937561,1
0.9915852546691895,1
0.9889927506446838,1
0.9790222644805908,1
0.9893046617507935,1
0.9842802286148071,1
0.9180623888969421,1
0.9859972596168518,1
0.9877301454544067,1
0.9835534691810608,1
0.9834545254707336,1
0.9871686697006226,1
0.9870418310165405,1
0.9904181957244873,1
0.9909594655036926,1
0.9869466423988342,1
0.9865676164627075,1
0.9848142862319946,1
0.9895573258399963,1
0.9847873449325562,1
0.9903898239135742,1
0.9897164702415466,1
0.9792377352714539,1
0.9809623956680298,1
0.9908022284507751,1
0.9877335429191589,1
0.9882187247276306,1
0.9882856607437134,1
0.9854922890663147,1
0.9931010007858276,1
0.9844281673431396,1
0.9895410537719727,1
0.9822493195533752,1
0.9889538884162903,1
0.9862083196640015,1
0.9884857535362244,1
0.993393063545227,1
0.99139803647995,1
0.9921480417251587,1
0.990785539150238,1
0.9886519312858582,1
0.9841657876968384,1
0.988524317741394,1
0.9908741116523743,1
0.9873669743537903,1
0.9899749159812927,1
0.9925464391708374,1
0.9922657012939453,1
0.9907259941101074,1
0.9872682094573975,1
0.9872493147850037,1
0.9929980635643005,1
0.9875047206878662,1
0.9878001809120178,1
0.988970935344696,1
0.9892456531524658,1
0.98978191614151,1
0.9917265176773071,1
0.9766809344291687,1
0.9940661191940308,1
0.9816989898681641,1
0.9820787310600281,1
0.9841539263725281,1
0.9882980585098267,1
0.9918863773345947,1
0.9847677946090698,1
0.9899327754974365,1
0.9843232035636902,1
0.9855226278305054,1
0.9939346313476562,1
0.9911722540855408,1
0.9889197945594788,1
0.9932687282562256,1
0.9917455315589905,1
0.991489052772522,1
0.9917508363723755,1
0.9875442981719971,1
0.9840920567512512,1
0.9863499999046326,1
0.9933019280433655,1
0.9884127974510193,1
0.9923194646835327,1
0.9887588024139404,1
0.9798551201820374,1
0.9928498864173889,1
0.9883097410202026,1
0.9861514568328857,1
0.9921412467956543,1
0.9780497550964355,1
0.9907236099243164,1
0.987541913986206,1
0.9908419847488403,1
0.9889129996299744,1
0.9837071299552917,1
0.9905742406845093,1
0.987738311290741,1
0.9862804412841797,1
0.9849053621292114,1
0.9910953640937805,1
0.9889127612113953,1
0.9800468683242798,1
0.9737083315849304,1
0.9880642890930176,1
0.9821832776069641,1
0.9876166582107544,1
0.990650475025177,1
0.9855645895004272,1
0.9924397468566895,1
0.9905043840408325,1
0.9933058023452759,1
0.9893544912338257,1
0.9385496377944946,1
0.9907277822494507,1
0.9911779165267944,1
0.9908477663993835,1
0.9938040375709534,1
0.990757942199707,1
0.9874902963638306,1
0.9916215538978577,1
0.9842003583908081,1
0.9892206788063049,1
0.98702073097229,1
0.987870991230011,1
0.9895546436309814,1
0.991753339767456,1
0.9840245842933655,1
0.9867674112319946,1
0.9877947568893433,1
0.9915148019790649,1
0.9855552911758423,1
0.9902635216712952,1
0.9937350153923035,1
0.9896026253700256,1
0.9907094240188599,1
0.9945294857025146,1
0.9895830750465393,1
0.9882547855377197,1
0.9866470098495483,1
0.9923535585403442,1
0.9855301976203918,1
0.9864028692245483,1
0.9921399354934692,1
0.9868441820144653,1
0.9887621402740479,1
0.9914672374725342,1
0.9855002760887146,1
0.9881661534309387,1
0.9899290204048157,1
0.9912302494049072,1
0.9934839010238647,1
0.9339731931686401,1
0.9909213781356812,1
0.9859219789505005,1
0.9881016612052917,1
0.9479464292526245,1
0.993393063545227,1
0.985656201839447,1
0.9943118095397949,1
0.9932467937469482,1
0.9869267344474792,1
0.989447295665741,1
0.9878216981887817,1
0.9846814870834351,1
0.9936211109161377,1
0.990820586681366,1
0.9895109534263611,1
0.9907736778259277,1
0.9918367266654968,1
0.9910399317741394,1
0.9907100796699524,1
0.9838689565658569,1
0.9877603650093079,1
0.9863947033882141,1
0.9913030862808228,1
0.9863324761390686,1
0.9931697845458984,1
0.9902328848838806,1
0.987463653087616,1
0.9915466904640198,1
0.9949771165847778,1
0.982620894908905,1
0.9944165349006653,1
0.9887688755989075,1
0.9864800572395325,1
0.9858943819999695,1
0.987943708896637,1
0.987964928150177,1
0.9845151305198669,1
0.9396292567253113,1
0.9951637387275696,1
0.9887623190879822,1
0.9895920753479004,1
0.991227924823761,1
0.9932576417922974,1
0.9927749633789062,1
0.9914672374725342,1
0.9899212718009949,1
0.9890010356903076,1
0.9885171055793762,1
0.9888808727264404,1
0.9887108206748962,1
0.9858919382095337,1
0.9908473491668701,1
0.9875836372375488,1
0.9930852055549622,1
0.9882552623748779,1
0.9891456961631775,1
0.989603579044342,1
0.9939047694206238,1
0.9922383427619934,1
0.9918588399887085,1
0.9916552901268005,1
0.9858358502388,1
0.992563009262085,1
0.9879476428031921,1
0.9944400191307068,1
0.9794723987579346,1
0.9856221675872803,1
0.9881389737129211,1
0.9867839217185974,1
0.9849106669425964,1
0.9916538596153259,1
0.9873684644699097,1
0.9934864640235901,1
0.980709969997406,1
0.9932875037193298,1
0.9832925200462341,1
0.9861255884170532,1
0.9789543747901917,1
0.992302656173706,1
0.9908826351165771,1
0.9933169484138489,1
0.9926308989524841,1
0.9872434139251709,1
0.9925926327705383,1
0.9887696504592896,1
0.9909284114837646,1
0.9884708523750305,1
0.9852855205535889,1
0.9859377145767212,1
0.9872434139251709,1
0.9825916290283203,1
0.9931010007858276,1
0.9938194751739502,1
0.9853887557983398,1
0.988957941532135,1
0.986039936542511,1
0.9915609955787659,1
0.9934960603713989,1
0.9888739585876465,1
0.98773193359375,1
0.990105390548706,1
0.9913038015365601,1
0.988118052482605,1
0.9918473362922668,1
0.9890938401222229,1
0.9876515865325928,1
0.9887048602104187,1
0.9899328351020813,1
0.9915210604667664,1
0.9851434826850891,1
0.9915148019790649,1
0.9902569055557251,1
0.9858202934265137,1
0.9937114119529724,1
0.9805009961128235,1
0.9902922511100769,1
0.9888464212417603,1
0.9880258440971375,1
0.987776517868042,1
0.9902427196502686,1
0.9881934523582458,1
0.9931232333183289,1
0.9852231740951538,1
0.9872297048568726,1
0.981896162033081,1
0.9861541390419006,1
0.993331253528595,1
0.9882001876831055,1
0.9895363450050354,1
0.9752194285392761,1
0.9899442195892334,1
0.9901621341705322,1
0.9895792007446289,1
0.9906908869743347,1
0.9884656071662903,1
0.9462993741035461,1
0.9922141432762146,1
0.9883211851119995,1
0.9903461933135986,1
0.9887486100196838,1
0.9908982515335083,1
0.987788200378418,1
0.9901695847511292,1
0.9893379807472229,1
0.9849693775177002,1
0.9866873621940613,1
0.9891239404678345,1
0.9907275438308716,1
0.9852067828178406,1
0.9920477867126465,1
0.9883285760879517,1
0.9893742799758911,1
0.9860659241676331,1
0.9893048405647278,1
0.9889397025108337,1
0.9892918467521667,1
0.9841135144233704,1
0.9888465404510498,1
0.9926036596298218,1
0.9839341044425964,1
0.9918588399887085,1
0.9912135004997253,1
0.9927363991737366,1
0.9849345684051514,1
0.9890366792678833,1
0.9905078411102295,1
0.9855459332466125,1
0.9925909638404846,1
0.9892603754997253,1
0.937778115272522,1
0.9929171204566956,1
0.9967668652534485,1
0.984380841255188,1
0.9862967729568481,1
0.9514551758766174,1
0.9862411022186279,1
0.9873060584068298,1
0.9832574129104614,1
0.9871504902839661,1
0.9843890070915222,1
0.9873305559158325,1
0.9870464205741882,1
0.987271249294281,1
0.9916885495185852,1
0.9893128871917725,1
0.9879422187805176,1
0.9876646399497986,1
0.9879713654518127,1
0.991227924823761,1
0.987084150314331,1
0.9883447885513306,1
0.9894189834594727,1
0.992886483669281,1
0.9870390892028809,1
0.9875743389129639,1
0.9867649078369141,1
0.9910086393356323,1
0.9280131459236145,1
0.9905681014060974,1
0.9897288680076599,1
0.9906044006347656,1
0.9908370971679688,1
0.9905073642730713,1
0.9901260137557983,1
0.9920110702514648,1
0.991899311542511,1
0.9843807220458984,1
0.9884737730026245,1
0.986652672290802,1
0.9853362441062927,1
0.9873608946800232,1
0.9914277195930481,1
0.9896312355995178,1
0.9820595979690552,1
0.9900153279304504,1
0.9885814189910889,1
0.9458503723144531,1
0.9874928593635559,1
0.9888094663619995,1
0.993160605430603,1
0.9928361773490906,1
0.990348219871521,1
0.9863496422767639,1
0.9905748963356018,1
0.9903210997581482,1
0.9882297515869141,1
0.9929574131965637,1
0.9844567179679871,1
0.9901954531669617,1
0.9839093685150146,1
0.9832230806350708,1
0.9427776336669922,1
0.991649866104126,1
0.9901735782623291,1
0.9849886894226074,1
0.9880258440971375,1
0.9924312829971313,1
0.9840114712715149,1
0.9919306635856628,1
0.9848275184631348,1
0.9941535592079163,1
0.9896337985992432,1
0.9906995892524719,1
0.9422913193702698,1
0.9912771582603455,1
0.9927801489830017,1
0.9859307408332825,1
0.9869822263717651,1
0.9871062636375427,1
0.9897394180297852,1
0.9872705936431885,1
0.9914214611053467,1
0.9781705737113953,1
0.9927016496658325,1
0.9907441735267639,1
0.9947865009307861,1
0.9899064302444458,1
0.9878773093223572,1
0.979793906211853,1
0.9895249009132385,1
0.9909123778343201,1
0.9893211722373962,1
0.9922398924827576,1
0.9911478161811829,1
0.9797664284706116,1
0.9923399090766907,1
0.9882088899612427,1
0.9838454723358154,1
0.9867406487464905,1
0.9804370403289795,1
0.9951691031455994,1
0.993439793586731,1
0.9937424659729004,1
0.9868620038032532,1
0.9874762296676636,1
0.9406884908676147,1
0.9812297224998474,1
0.9865157008171082,1
0.9904388785362244,1
0.9871717095375061,1
0.993209183216095,1
0.9827978014945984,1
0.9887908697128296,1
0.9509843587875366,1
0.9932990670204163,1
0.9874992370605469,1
0.9924023151397705,1
0.9910385608673096,1
0.9916507601737976,1
0.990226149559021,1
0.9957913160324097,1
0.9887205362319946,1
0.9915279150009155,1
0.9908439517021179,1
0.9884819984436035,1
0.9890602231025696,1
0.9904880523681641,1
0.9938574433326721,1
0.9820709824562073,1
0.9884651899337769,1
0.9891937375068665,1
0.9898022413253784,1
0.9908390641212463,1
0.9903081655502319,1
0.988955557346344,1
0.9907093048095703,1
0.9941542744636536,1
0.9888659715652466,1
0.9932698607444763,1
0.9833850264549255,1
0.9861521124839783,1
0.9493158459663391,1
0.9892672896385193,1
0.9899065494537354,1
0.9883133172988892,1
0.9411413669586182,1
0.9823001623153687,1
0.9837688207626343,1
0.9927427768707275,1
0.9811578392982483,1
0.9861541390419006,1
0.9921368360519409,1
0.9905305504798889,1
0.9861403703689575,1
0.9829627275466919,1
0.9877855777740479,1
0.9921604990959167,1
0.9930394887924194,1
0.9904361963272095,1
0.9874814748764038,1
0.9841099977493286,1
0.9924865961074829,1
0.9846151471138,1
0.9910200834274292,1
0.9884737730026245,1
0.9960834383964539,1
0.9903108477592468,1
0.9871565699577332,1
0.9939134120941162,1
0.9872051477432251,1
0.9906677007675171,1
0.9937282204627991,1
0.986526370048523,1
0.9883108139038086,1
0.9924574494361877,1
0.9876814484596252,1
0.9902692437171936,1
0.992559015750885,1
0.9913386702537537,1
0.9917200207710266,1
0.9881967902183533,1
0.9834916591644287,1
0.9880115389823914,1
0.9853007793426514,1
0.9877333045005798,1
0.9878464341163635,1
0.9881727695465088,1
0.9852538108825684,1
0.9865186810493469,1
0.977796733379364,1
0.9896503686904907,1
0.9891077876091003,1
0.9880795478820801,1
0.9873634576797485,1
0.9903898239135742,1
0.984306812286377,1
0.9534638524055481,1
0.989975094795227,1
0.98891282081604,1
0.9920856952667236,1
0.9894533157348633,1
0.9900792837142944,1
0.992567777633667,1
0.986703097820282,1
0.980606198310852,1
0.9897943735122681,1
0.9827392101287842,1
0.9857840538024902,1
0.98743736743927,1
0.9917527437210083,1
0.9847472310066223,1
0.9872434139251709,1
0.9883199334144592,1
0.9955885410308838,1
0.9934989213943481,1
0.9874316453933716,1
0.9905239343643188,1
0.9865998029708862,1
0.9893581867218018,1
0.9156728982925415,1
0.9916344881057739,1
0.9928305745124817,1
0.9945815801620483,1
0.9892399907112122,1
0.9828893542289734,1
0.9950690269470215,1
0.9881822466850281,1
0.9842528700828552,1
0.9812589287757874,1
0.9879760146141052,1
0.9903956055641174,1
0.9899441003799438,1
0.9930635094642639,1
0.9879745841026306,1
0.9801116585731506,1
0.9905313849449158,1
0.9881376624107361,1
0.9893046617507935,1
0.9871975183486938,1
0.9858866930007935,1
0.9915544390678406,1
0.9907991290092468,1
0.9936635494232178,1
0.991326093673706,1
0.9883909225463867,1
0.9844772219657898,1
0.9924066066741943,1
0.9881137609481812,1
0.9863978624343872,1
0.9857913851737976,1
0.9905614852905273,1
0.9893258810043335,1
0.9930388331413269,1
0.9903527498245239,1
0.9849514365196228,1
0.98992919921875,1
0.992045521736145,1
0.9892978072166443,1
0.9893800616264343,1
0.9844724535942078,1
0.9872896671295166,1
0.9931010007858276,1
0.9951426386833191,1
0.9226519465446472,1
0.9880605936050415,1
0.9856449365615845,1
0.9872614741325378,1
0.9874224662780762,1
0.9851788878440857,1
0.9893678426742554,1
0.9817792773246765,1
0.9923648834228516,1
0.9907092452049255,1
0.9875847697257996,1
0.9891293048858643,1
0.9892697334289551,1
0.9806908369064331,1
0.9884060621261597,1
0.9871495962142944,1
0.9820656180381775,1
0.9905503988265991,1
0.9883555173873901,1
0.9948300719261169,1
0.9895815253257751,1
0.9931640625,1
0.9471282958984375,1
0.9922725558280945,1
0.9849872589111328,1
0.9958878755569458,1
0.9911725521087646,1
0.9842948317527771,1
0.9801645278930664,1
0.9892832636833191,1
0.9870721697807312,1
0.9931535124778748,1
0.9844328761100769,1
0.978851318359375,1
0.992074728012085,1
0.9928181171417236,1
0.9831401705741882,1
0.9910046458244324,1
0.9870003461837769,1
0.989669919013977,1
0.9816431999206543,1
0.9836537837982178,1
0.9880258440971375,1
0.9877078533172607,1
0.9891582727432251,1
0.9844772219657898,1
0.9892287850379944,1
0.9305838942527771,1
0.9842623472213745,1
0.991939127445221,1
0.9880683422088623,1
0.9877215027809143,1
0.9888327717781067,1
0.9891858100891113,1
0.9875565767288208,1
0.9866334199905396,1
0.9472079277038574,1
0.9899652600288391,1
0.9911279678344727,1
0.9095671772956848,1
0.9880272150039673,1
0.9915335774421692,1
0.9904657602310181,1
0.9905737042427063,1
0.9827978014945984,1
0.9908170104026794,1
0.994123637676239,1
0.965956449508667,1
0.9895457625389099,1
0.9911167621612549,1
0.9866582155227661,1
0.9887717962265015,1
0.9816043376922607,1
0.9841422438621521,1
0.9924094676971436,1
0.9817420244216919,1
0.9883804321289062,1
0.9961853623390198,1
0.9888235330581665,1
0.9909659028053284,1
0.9883804321289062,1
0.9934114813804626,1
0.9917706251144409,1
0.9854454398155212,1
0.9903591871261597,1
0.9916566610336304,1
0.9880428910255432,1
0.9850122928619385,1
0.9880654811859131,1
0.987428605556488,1
0.9896789193153381,1
0.9891061186790466,1
0.9936823844909668,1
0.9891474843025208,1
0.9877827167510986,1
0.978565514087677,1
0.9904072880744934,1
0.9909492135047913,1
0.9935111403465271,1
0.9845021963119507,1
0.9860502481460571,1
0.9829517006874084,1
0.9885507822036743,1
0.9847756028175354,1
0.9878710508346558,1
0.9883739948272705,1
0.989220142364502,1
0.9909273386001587,1
0.9871134161949158,1
0.9883871674537659,1
0.9535742402076721,1
0.987209141254425,1
0.9875254034996033,1
0.9861004948616028,1
0.9909566640853882,1
0.9913781881332397,1
0.9890766739845276,1
0.9867942333221436,1
0.991145670413971,1
0.9855161309242249,1
0.9275041818618774,1
0.9793464541435242,1
0.9939358830451965,1
0.9900720715522766,1
0.9834600687026978,1
0.9907351136207581,1
0.9900737404823303,1
0.9868361353874207,1
0.9919424057006836,1
0.9912440180778503,1
0.9896801114082336,1
0.9905201196670532,1
0.992127001285553,1
0.992548406124115,1
0.9936367273330688,1
0.9894322752952576,1
0.984709620475769,1
0.9842944741249084,1
0.9918696284294128,1
0.9886623024940491,1
0.9880722761154175,1
0.9928605556488037,1
0.9828289151191711,1
0.9927992224693298,1
0.9885926842689514,1
0.9851788878440857,1
0.984254002571106,1
0.99201899766922,1
0.9889767169952393,1
0.984977126121521,1
0.9810614585876465,1
0.9767763614654541,1
0.9897287487983704,1
0.9922282695770264,1
0.9911161065101624,1
0.9896405935287476,1
0.9920803904533386,1
0.9915493726730347,1
0.9913510680198669,1
0.9893972873687744,1
0.9740251302719116,1
0.9899551868438721,1
0.9910354614257812,1
0.9867112040519714,1
0.9889700412750244,1
0.9895685911178589,1
0.9919760227203369,1
0.9854212403297424,1
0.9902692437171936,1
0.9930013418197632,1
0.9885559678077698,1
0.99251389503479,1
0.9912081360816956,1
0.9905937910079956,1
0.9885299205780029,1
0.9882889986038208,1
0.9928441047668457,1
0.9903032183647156,1
0.9892314076423645,1
0.9870439767837524,1
0.9942480325698853,1
0.9868974685668945,1
0.9901995658874512,1
0.9834392666816711,1
0.9903232455253601,1
0.9894436597824097,1
0.9513071775436401,1
0.9894605875015259,1
0.9890714287757874,1
0.9887373447418213,1
0.9838124513626099,1
0.9880906343460083,1
0.9498660564422607,1
0.9742734432220459,1
0.989122211933136,1
0.9863821268081665,1
0.9853538274765015,1
0.9901471138000488,1
0.9873277544975281,1
0.9894649982452393,1
0.9919934868812561,1
0.9935435056686401,1
0.9929537177085876,1
0.9894245862960815,1
0.9872519373893738,1
0.9414985775947571,1
0.9905667304992676,1
0.9910745620727539,1
0.9809948205947876,1
0.98658686876297,1
0.9876816868782043,1
0.9905381798744202,1
0.9904724359512329,1
0.9892716407775879,1
0.9900755286216736,1
0.9915320873260498,1
0.9830165505409241,1
0.9893961548805237,1
0.9919372797012329,1
0.9937394857406616,1
0.9893240332603455,1
0.9411426782608032,1
0.9879443645477295,1
0.9841306805610657,1
0.9890850186347961,1
0.9879242181777954,1
0.9944967031478882,1
0.9832653403282166,1
0.9865094423294067,1
0.990946352481842,1
0.9892709255218506,1
0.9861568212509155,1
0.9915777444839478,1
0.9893121123313904,1
0.9888418912887573,1
0.9885329604148865,1
0.9873536229133606,1
0.9918230772018433,1
0.9846768975257874,1
0.9909757971763611,1
0.9817919731140137,1
0.9937083125114441,1
0.9874939322471619,1
0.9902573823928833,1
0.9952994585037231,1
0.9845927953720093,1
0.9925660490989685,1
0.9863486886024475,1
0.9922900795936584,1
0.9882879257202148,1
0.9911225438117981,1
0.9939523935317993,1
0.9365687370300293,1
0.987458348274231,1
0.9844185709953308,1
0.9896087050437927,1
0.9866456389427185,1
0.9882569313049316,1
0.9874805808067322,1
0.9841522574424744,1
0.9874734878540039,1
0.9918602108955383,1
0.9882646799087524,1
0.9947469234466553,1
0.9925100803375244,1
0.9869512915611267,1
0.992348849773407,1
0.9894722104072571,1
0.9918670058250427,1
0.9912665486335754,1
0.9903026223182678,1
0.9771906137466431,1
0.9867197275161743,1
0.9885116815567017,1
0.9866619110107422,1
0.9878343939781189,1
0.9869544506072998,1
0.9714516997337341,1
0.9829416275024414,1
0.9847614765167236,1
0.9698169231414795,1
0.9834510684013367,1
0.984498143196106,1
0.9847005009651184,1
0.9806147217750549,1
0.9889397025108337,1
0.9781519174575806,1
0.99254310131073,1
0.99134761095047,1
0.988035261631012,1
0.9879610538482666,1
0.9846498966217041,1
0.9875164031982422,1
0.9933425784111023,1
0.9918674826622009,1
0.9871041178703308,1
0.9944427013397217,1
0.9869475960731506,1
0.9927365183830261,1
0.9926283359527588,1
0.9908473491668701,1
0.9911119937896729,1
0.9867238998413086,1
0.9903680086135864,1
0.9840489029884338,1
0.9904863238334656,1
0.9876856207847595,1
0.987113893032074,1
0.9881170392036438,1
0.9810662865638733,1
0.9807796478271484,1
0.9883165955543518,1
0.9951521158218384,1
0.979813814163208,1
0.9880437254905701,1
0.9844772219657898,1
0.9780125021934509,1
0.9854889512062073,1
0.991186797618866,1
0.9507956504821777,1
0.9885193705558777,1
0.9915123581886292,1
0.9916160702705383,1
0.9889488220214844,1
0.9879319667816162,1
0.9880722761154175,1
0.993193507194519,1
0.9898311495780945,1
0.9872722029685974,1
0.9866966009140015,1
0.9937438368797302,1
0.987819254398346,1
0.9874992370605469,1
0.9858166575431824,1
0.9886106848716736,1
0.9955455660820007,1
0.9859200716018677,1
0.9940603375434875,1
0.9845250844955444,1
0.987155556678772,1
0.9924383759498596,1
0.9861692786216736,1
0.9905151128768921,1
0.9891084432601929,1
0.991359531879425,1
0.988736629486084,1
0.9915610551834106,1
0.9902357459068298,1
0.9877234101295471,1
0.9921995401382446,1
0.9938764572143555,1
0.9876765608787537,1
0.9866779446601868,1
0.9963060021400452,1
0.9880109429359436,1
0.9874814748764038,1
0.9909059405326843,1
0.9907241463661194,1
0.9918443560600281,1
0.9946509599685669,1
0.9941361546516418,1
0.9921572208404541,1
0.9963300228118896,1
0.9849876165390015,1
0.9925592541694641,1
0.9905763268470764,1
0.9840901494026184,1
0.9860566258430481,1
0.9936071634292603,1
0.9540413618087769,1
0.9891026616096497,1
0.9911408424377441,1
0.9829375147819519,1
0.9929462671279907,1
0.9852957129478455,1
0.9899742007255554,1
0.9888413548469543,1
0.9871503710746765,1
0.9894311428070068,1
0.988373339176178,1
0.9904633164405823,1
0.9904349446296692,1
0.9813827872276306,1
0.992509663105011,1
0.9413203597068787,1
0.9868762493133545,1
0.9916202425956726,1
0.987392008304596,1
0.9881430268287659,1
0.9894806742668152,1
0.9872041344642639,1
0.991670548915863,1
0.9896202087402344,1
0.9929822683334351,1
0.987805187702179,1
0.9961318373680115,1
0.9927190542221069,1
0.9889494180679321,1
0.989000678062439,1
0.9839874505996704,1
0.9898155331611633,1
0.9935222864151001,1
0.9817057847976685,1
0.9861133694648743,1
0.9871383309364319,1
0.9902580976486206,1
0.9913716316223145,1
0.9851320385932922,1
0.9915210604667664,1
0.995022177696228,1
0.9841418862342834,1
0.9938587546348572,1
0.992548406124115,1
0.9903966784477234,1
0.988859236240387,1
0.9833983182907104,1
0.987638533115387,1
0.9892390966415405,1
0.9856552481651306,1
0.9847431182861328,1
0.9893754720687866,1
0.9878367185592651,1
0.984483540058136,1
0.9917955994606018,1
0.9923374056816101,1
0.9905763268470764,1
0.9895249009132385,1
0.9916504621505737,1
0.9922774434089661,1
0.98824542760849,1
0.9843279719352722,1
0.9871072769165039,1
0.9851375818252563,1
0.986344575881958,1
0.9458310008049011,1
0.99090576171875,1
0.986778736114502,1
0.9954530596733093,1
0.9923494458198547,1
0.9769894480705261,1
0.9936326742172241,1
0.9924419522285461,1
0.9940661191940308,1
0.9846012592315674,1
0.9838175177574158,1
0.9918366074562073,1
0.9883938431739807,1
0.9821270704269409,1
0.9883318543434143,1
0.9872017502784729,1
0.9861482381820679,1
0.9916819930076599,1
0.9887517094612122,1
0.9900893568992615,1
0.9844772219657898,1
0.9908390641212463,1
0.9851638674736023,1
0.988541841506958,1
0.987115204334259,1
0.9913912415504456,1
0.990129828453064,1
0.989393413066864,1
0.9903832674026489,1
0.9881917238235474,1
0.9877803921699524,1
0.989471971988678,1
0.9914296865463257,1
0.9869945049285889,1
0.989343523979187,1
0.9914512038230896,1
0.9869657754898071,1
0.9887215495109558,1
0.9933133125305176,1
0.9915820956230164,1
0.9903287887573242,1
0.9879318475723267,1
0.9888011813163757,1
0.9846538305282593,1
0.9959383606910706,1
0.985450267791748,1
0.9918684959411621,1
0.98941969871521,1
0.9905524849891663,1
0.9893388152122498,1
0.989898145198822,1
0.9914315938949585,1
0.9901440143585205,1
0.9891150593757629,1
0.9890807271003723,1
0.9886794686317444,1
0.9903090000152588,1
0.9903510808944702,1
0.9859129786491394,1
0.9893672466278076,1
0.982700526714325,1
0.9931257367134094,1
0.9869263172149658,1
0.9746532440185547,1
0.9925333261489868,1
0.9917200207710266,1
0.9898548722267151,1
0.9836565256118774,1
0.9817926287651062,1
0.9443471431732178,1
0.992867112159729,1
0.9932787418365479,1
0.9869866967201233,1
0.9927341341972351,1
0.9919614791870117,1
0.9916332364082336,1
0.990771472454071,1
0.9908392429351807,1
0.9833504557609558,1
0.9907529354095459,1
0.9907644391059875,1
0.9816492199897766,1
0.9880434274673462,1
0.9846807718276978,1
0.9915559887886047,1
0.9936368465423584,1
0.9890303611755371,1
0.9879003763198853,1
0.9913039207458496,1
0.9892280697822571,1
0.9818346500396729,1
0.9427776336669922,1
0.9891886711120605,1
0.9899784326553345,1
0.9972972273826599,1
0.9903985857963562,1
0.9938062429428101,1
0.9871769547462463,1
0.9913170337677002,1
0.9886613488197327,1
0.9888503551483154,1
0.9883860349655151,1
0.9943552613258362,1
0.9906001687049866,1
0.9808556437492371,1
0.988771915435791,1
0.9851527214050293,1
0.9904473423957825,1
0.9893160462379456,1
0.9824150204658508,1
0.988132655620575,1
0.9881982207298279,1
0.9914026260375977,1
0.992188036441803,1
0.9846403002738953,1
0.9909955263137817,1
0.9908729195594788,1
0.9925801753997803,1
0.9917926788330078,1
0.9944578409194946,1
0.9855161905288696,1
0.9898284077644348,1
0.9921223521232605,1
0.985435426235199,1
0.9926730990409851,1
0.9918875098228455,1
0.9806510806083679,1
0.9848877191543579,1
0.9926617741584778,1
0.9919875264167786,1
0.9889655709266663,1
0.988705575466156,1
0.9873970150947571,1
0.9919552803039551,1
0.9920991659164429,1
0.9911458492279053,1
0.9907275438308716,1
0.992567777633667,1
0.9930310249328613,1
0.9930022358894348,1
0.9859530329704285,1
0.9919309616088867,1
0.9878842234611511,1
0.9892685413360596,1
0.985547661781311,1
0.993185818195343,1
0.9855661392211914,1
0.9795557856559753,1
0.9940304756164551,1
0.9886998534202576,1
0.9907146096229553,1
0.9866248369216919,1
0.9876954555511475,1
0.9847981333732605,1
0.9858107566833496,1
0.9914563298225403,1
0.9912176132202148,1
0.9927350282669067,1
0.9901624321937561,1
0.9873142838478088,1
0.9915332794189453,1
0.9829375147819519,1
0.9871322512626648,1
0.9872477054595947,1
0.9867952466011047,1
0.9896054863929749,1
0.9884299635887146,1
0.9902980327606201,1
0.9847472310066223,1
0.9432128667831421,1
0.9896714091300964,1
0.9861669540405273,1
0.9894698262214661,1
0.9876712560653687,1
0.9918747544288635,1
0.9886295199394226,1
0.9827629923820496,1
0.9810037612915039,1
0.9846218824386597,1
0.9882157444953918,1
0.99444180727005,1
0.9848029017448425,1
0.9904283881187439,1
0.9842822551727295,1
0.9805236458778381,1
0.9881106019020081,1
0.9920985698699951,1
0.9920033812522888,1
0.9945735335350037,1
0.9942967891693115,1
0.9885384440422058,1
0.9875863194465637,1
0.989080548286438,1
0.990034282207489,1
0.9595507979393005,1
0.9891531467437744,1
0.9908043742179871,1
0.987514078617096,1
0.9903020858764648,1
0.9687122106552124,1
0.9821009635925293,1
0.9871337413787842,1
0.9863318204879761,1
0.9903812408447266,1
0.9921314120292664,1
0.9908967614173889,1
0.982304036617279,1
0.9845119118690491,1
0.983269214630127,1
0.9845322966575623,1
0.9879929423332214,1
0.9907487034797668,1
0.9475480318069458,1
0.9950436353683472,1
0.9894357323646545,1
0.9871915578842163,1
0.9886829257011414,1
0.9906001687049866,1
0.9939174652099609,1
0.9853371381759644,1
0.9923355579376221,1
0.9904361963272095,1
0.9885707497596741,1
0.9868246912956238,1
0.9920331835746765,1
0.9835444688796997,1
0.9861836433410645,1
0.9935696721076965,1
0.9890792369842529,1
0.9904409646987915,1
0.9926009178161621,1
0.9911134839057922,1
0.9853448867797852,1
0.9870568513870239,1
0.9919323921203613,1
0.9893185496330261,1
0.9905595779418945,1
0.9921218156814575,1
0.9890474081039429,1
0.9901571869850159,1
0.9912517666816711,1
0.9514551758766174,1
0.9833163022994995,1
0.9870712161064148,1
0.9863578081130981,1
0.9806443452835083,1
0.9927928447723389,1
0.9930230975151062,1
0.9902660846710205,1
0.9860402345657349,1
0.9849074482917786,1
0.9774818420410156,1
0.9858938455581665,1
0.9901689291000366,1
0.9828144907951355,1
0.9887696504592896,1
0.9875277280807495,1
0.9283231496810913,1
0.9197700023651123,1
0.982528805732727,1
0.9879199266433716,1
0.9885599613189697,1
0.9933963418006897,1
0.9878846406936646,1
0.9890657067298889,1
0.9911062121391296,1
0.9398044347763062,1
0.9900633096694946,1
0.9934864640235901,1
0.9805987477302551,1
0.9830909371376038,1
0.9879758358001709,1
0.9948101043701172,1
0.9892441630363464,1
0.9925375580787659,1
0.9909070730209351,1
0.9854568243026733,1
0.9310036897659302,1
0.9893728494644165,1
0.9942401647567749,1
0.9838791489601135,1
0.9930045008659363,1
0.9872434139251709,1
0.986905574798584,1
0.9885643124580383,1
0.9894006252288818,1
0.9896087050437927,1
0.9928762912750244,1
0.9859543442726135,1
0.9894371628761292,1
0.9868545532226562,1
0.992451012134552,1
0.9821150302886963,1
0.9872320294380188,1
0.98102205991745,1
0.9932503700256348,1
0.9885444045066833,1
0.9836231470108032,1
0.984557569026947,1
0.9875455498695374,1
0.9871659278869629,1
0.9887345433235168,1
0.9903027415275574,1
0.9771770238876343,1
0.9888315200805664,1
0.9893686771392822,1
0.9912039637565613,1
0.9904183745384216,1
0.9845622181892395,1
0.9900630712509155,1
0.9856829643249512,1
0.942129909992218,1
0.9850423336029053,1
0.9892657399177551,1
0.9840394258499146,1
0.9936739206314087,1
0.9928833246231079,1
0.9883906245231628,1
0.985945999622345,1
0.9935098886489868,1
0.9899742007255554,1
0.9817298650741577,1
0.9900386929512024,1
0.989342987537384,1
0.9890925288200378,1
0.9850553870201111,1
0.9911119937896729,1
0.9897613525390625,1
0.9927928447723389,1
0.9934144616127014,1
0.9488195180892944,1
0.990090012550354,1
0.9879659414291382,1
0.9918047189712524,1
0.9903070330619812,1
0.9864141941070557,1
0.9931691288948059,1
0.9876306653022766,1
0.9903833270072937,1
0.9896461963653564,1
0.992057740688324,1
0.9851733446121216,1
0.9940214157104492,1
0.9803797006607056,1
0.9855895638465881,1
0.9888671636581421,1
0.982528805732727,1
0.985114574432373,1
0.9879701733589172,1
0.9886559844017029,1
0.9867752194404602,1
0.9908933043479919,1
0.9924627542495728,1
0.9909955263137817,1
0.9922448992729187,1
0.9907054305076599,1
0.9917506575584412,1
0.9943555593490601,1
0.9880720973014832,1
0.9931653141975403,1
0.9883993268013,1
0.9925753474235535,1
0.9779706001281738,1
0.9873982667922974,1
0.9929021000862122,1
0.9558585286140442,1
0.9961336851119995,1
0.9888252019882202,1
0.99201899766922,1
0.9893867373466492,1
0.983696460723877,1
0.9892567992210388,1
0.9878512620925903,1
0.990068793296814,1
0.9888380169868469,1
0.9899951219558716,1
0.9876831769943237,1
0.9860769510269165,1
0.9895367622375488,1
0.9850034117698669,1
0.9865046739578247,1
0.9916108250617981,1
0.9884601831436157,1
0.99332594871521,1
0.9912829995155334,1
0.9902842044830322,1
0.9910039305686951,1
0.9936619997024536,1
0.9928121566772461,1
0.9895820617675781,1
0.9933841824531555,1
0.9942799806594849,1
0.9868006706237793,1
0.9906100630760193,1
0.991386353969574,1
0.9816803932189941,1
0.9907870888710022,1
0.9875032305717468,1
0.9895410537719727,1
0.9902692437171936,1
0.9936943054199219,1
0.9833700060844421,1
0.9873473048210144,1
0.987206757068634,1
0.9885643124580383,1
0.9866199493408203,1
0.9901038408279419,1
0.9882541298866272,1
0.9882003664970398,1
0.987155556678772,1
0.9947203397750854,1
0.9927176833152771,1
0.9907699227333069,1
0.9902692437171936,1
0.9878231883049011,1
0.9904142022132874,1
0.9909045696258545,1
0.9881220459938049,1
0.9846131205558777,1
0.9770461320877075,1
0.9903409481048584,1
0.9892372488975525,1
0.9929152131080627,1
0.9886290431022644,1
0.9878730773925781,1
0.9822403192520142,1
0.9855914115905762,1
0.9912161827087402,1
0.9824852347373962,1
0.9902496337890625,1
0.9895533919334412,1
0.9868379831314087,1
0.9874765872955322,1
0.9909448623657227,1
0.9893390536308289,1
0.99248206615448,1
0.9874773621559143,1
0.9903146624565125,1
0.9838607311248779,1
0.9898580312728882,1
0.9917506575584412,1
0.9937088489532471,1
0.9905441999435425,1
0.9863740801811218,1
0.9875804781913757,1
0.993907630443573,1
0.9879726767539978,1
0.9935794472694397,1
0.9925588965415955,1
0.9893572330474854,1
0.9924381971359253,1
0.9909597635269165,1
0.9909671545028687,1
0.9888785481452942,1
0.9882036447525024,1
0.9874893426895142,1
0.9856343269348145,1
0.9871257543563843,1
0.9837707281112671,1
0.9925411343574524,1
0.9898146390914917,1
0.9931992292404175,1
0.9903653264045715,1
0.9525136351585388,1
0.993029773235321,1
0.9894980192184448,1
0.982815682888031,1
0.9913843870162964,1
0.9541678428649902,1
0.9200683832168579,1
0.9560974836349487,1
0.9890963435173035,1
0.9861541390419006,1
0.9842260479927063,1
0.9925552010536194,1
0.9910793900489807,1
0.9945757389068604,1
0.9885509610176086,1
0.9886924624443054,1
0.9830610156059265,1
0.9924551844596863,1
0.990581214427948,1
0.9856744408607483,1
0.9829338788986206,1
0.9840920567512512,1
0.9914707541465759,1
0.9918148517608643,1
0.9833983182907104,1
0.9881747364997864,1
0.9920089244842529,1
0.9847919344902039,1
0.9895642399787903,1
0.9883397221565247,1
0.9831403493881226,1
0.9889121651649475,1
0.987602949142456,1
0.988559365272522,1
0.9889530539512634,1
0.9910580515861511,1
0.9848215579986572,1
0.9922555685043335,1
0.9923070073127747,1
0.989463210105896,1
0.9880040884017944,1
0.9870932698249817,1
0.9829137921333313,1
0.9880215525627136,1
0.9894177913665771,1
0.9866795539855957,1
0.9921489357948303,1
0.9858073592185974,1
0.98714679479599,1
0.9882750511169434,1
0.9918652772903442,1
0.9905730485916138,1
0.9923990964889526,1
0.9892697334289551,1
0.9874834418296814,1
0.9826599359512329,1
0.9872441291809082,1
0.9887253046035767,1
0.9885402321815491,1
0.9862195253372192,1
0.990618109703064,1
0.988226592540741,1
0.9906402230262756,1
0.9875032305717468,1
0.9884185194969177,1
0.990444004535675,1
0.9852362871170044,1
0.9840996861457825,1
0.9884164333343506,1
0.9894133806228638,1
0.9927635192871094,1
0.9939914345741272,1
0.9903475642204285,1
0.9915544390678406,1
0.9910419583320618,1
0.9818541407585144,1
0.9804049730300903,1
0.9899406433105469,1
0.9924729466438293,1
0.9899986982345581,1
0.9897729754447937,1
0.9843100309371948,1
0.989951491355896,1
0.9901676774024963,1
0.9867070317268372,1
0.9937438368797302,1
0.9923138618469238,1
0.9916825294494629,1
0.9842398762702942,1
0.9892259836196899,1
0.9855478405952454,1
0.9916690587997437,1
0.9892383217811584,1
0.9912245273590088,1
0.9871548414230347,1
0.9906302094459534,1
0.985462486743927,1
0.9903477430343628,1
0.9926013946533203,1
0.9912405014038086,1
0.9896087050437927,1
0.9835785031318665,1
0.9912718534469604,1
0.9919277429580688,1
0.9917346239089966,1
0.9924992918968201,1
0.9884619116783142,1
0.989320695400238,1
0.9859207272529602,1
0.9936030507087708,1
0.9930345416069031,1
0.9852540493011475,1
0.9884317517280579,1
0.9890641570091248,1
0.9845733642578125,1
0.9944478273391724,1
0.985759973526001,1
0.9810495376586914,1
0.9919422268867493,1
0.9883865118026733,1
0.9837646484375,1
0.9886863827705383,1
0.9823222160339355,1
0.9917049407958984,1
0.9899729490280151,1
0.9828651547431946,1
0.9910828471183777,1
0.9940798878669739,1
0.9838727116584778,1
0.9893510341644287,1
0.9906753897666931,1
0.9892475605010986,1
0.9877508282661438,1
0.9855579137802124,1
0.9913039207458496,1
0.9872244000434875,1
0.992011308670044,1
0.9903102517127991,1
0.9283231496810913,1
0.9361671209335327,1
0.989749550819397,1
0.98823082447052,1
0.9851109981536865,1
0.980434000492096,1
0.990748405456543,1
0.9827978014945984,1
0.9886454939842224,1
0.9832425117492676,1
0.9914425611495972,1
0.9823504090309143,1
0.9900055527687073,1
0.9913142919540405,1
0.984971821308136,1
0.9873470067977905,1
0.9924467206001282,1
0.9766941666603088,1
0.9891012907028198,1
0.9912235140800476,1
0.9902434945106506,1
0.9883809685707092,1
0.9895291328430176,1
0.9910190105438232,1
0.9849939346313477,1
0.986746609210968,1
0.9931412935256958,1
0.9918032288551331,1
0.9421302080154419,1
0.9865315556526184,1
0.9926356077194214,1
0.9950525164604187,1
0.9443471431732178,1
0.9930805563926697,1
0.9902855157852173,1
0.9847410917282104,1
0.986063539981842,1
0.9893547296524048,1
0.9927527904510498,1
0.9880831241607666,1
0.9888582825660706,1
0.9915347099304199,1
0.9887995719909668,1
0.9847472310066223,1
0.9536347985267639,1
0.9907750487327576,1
0.9828417897224426,1
0.9843065142631531,1
0.9851215481758118,1
0.989538311958313,1
0.9890676736831665,1
0.9898155331611633,1
0.9874942898750305,1
0.9868289828300476,1
0.9808194041252136,1
0.9905166029930115,1
0.988382875919342,1
0.989595890045166,1
0.9863044023513794,1
0.9916344881057739,1
0.9826958179473877,1
0.9905314445495605,1
0.987711489200592,1
0.9825291037559509,1
0.9890378713607788,1
0.9914354681968689,1
0.9842507839202881,1
0.9854227900505066,1
0.9923633337020874,1
0.9916626214981079,1
0.9843889474868774,1
0.9956536889076233,1
0.9943233132362366,1
0.9879258871078491,1
0.9890789985656738,1
0.9858676195144653,1
0.9891096353530884,1
0.9863070249557495,1
0.9927382469177246,1
0.9471899271011353,1
0.9932243824005127,1
0.9841948747634888,1
0.9864594340324402,1
0.9869998693466187,1
0.9892171621322632,1
0.9867156147956848,1
0.9938122034072876,1
0.992135226726532,1
0.9955455660820007,1
0.9924922585487366,1
0.9905238151550293,1
0.9892777800559998,1
0.9870895147323608,1
0.9877521395683289,1
0.9893909096717834,1
0.9859562516212463,1
0.9836710095405579,1
0.9876942038536072,1
0.983796238899231,1
0.9888271689414978,1
0.9905043244361877,1
0.9894857406616211,1
0.9434360265731812,1
0.9844772219657898,1
0.9866596460342407,1
0.9893670082092285,1
0.9828893542289734,1
0.9925204515457153,1
0.9910462498664856,1
0.9756784439086914,1
0.9913276433944702,1
0.9884185791015625,1
0.9872041344642639,1
0.9859021902084351,1
0.9942465424537659,1
0.9852491021156311,1
0.9929163455963135,1
0.9914563894271851,1
0.9939936995506287,1
0.9895642399787903,1
0.98692786693573,1
0.9947620034217834,1
0.9844602346420288,1
0.9957517385482788,1
0.986491858959198,1
0.9937050342559814,1
0.9904283881187439,1
0.9895272254943848,1
0.9920033812522888,1
0.9838207960128784,1
0.9883426427841187,1
0.9895467162132263,1
0.9881207346916199,1
0.9851788878440857,1
0.9864614605903625,1
0.9927236437797546,1
0.985759973526001,1
0.9907145500183105,1
0.9857885241508484,1
0.9844251275062561,1
0.9910137057304382,1
0.9880290627479553,1
0.9855508804321289,1
0.9894125461578369,1
0.9849462509155273,1
0.9886592030525208,1
0.9910753965377808,1
0.9912568926811218,1
0.9937438368797302,1
0.9936872720718384,1
0.987399160861969,1
0.9874004125595093,1
0.9821100234985352,1
0.9887464046478271,1
0.987777590751648,1
0.9892894625663757,1
0.9875829815864563,1
0.9903364181518555,1
0.9890140295028687,1
0.9878861308097839,1
0.9875918030738831,1
0.9765874147415161,1
0.9891863465309143,1
0.9844770431518555,1
0.98736172914505,1
0.9856993556022644,1
0.9875227212905884,1
0.987350583076477,1
0.9858517050743103,1
0.9895410537719727,1
0.9924731254577637,1
0.9945796132087708,1
0.9888657331466675,1
0.9864168763160706,1
0.9853591322898865,1
0.9877824783325195,1
0.9812496900558472,1
0.9924731254577637,1
0.9900434017181396,1
0.9925592541694641,1
0.9890455603599548,1
0.9834742546081543,1
0.9884494543075562,1
0.9859877228736877,1
0.9938488602638245,1
0.9773107767105103,1
0.982972264289856,1
0.9854958653450012,1
0.9844016432762146,1
0.9918599128723145,1
0.9913090467453003,1
0.9861258864402771,1
0.9915536046028137,1
0.987571120262146,1
0.987018883228302,1
0.9916849136352539,1
0.9877216815948486,1
0.9860456585884094,1
0.9917506575584412,1
0.9487861394882202,1
0.9864076375961304,1
0.9514551758766174,1
0.9905301928520203,1
0.9908937811851501,1
0.9894895553588867,1
0.987057089805603,1
0.9865396022796631,1
0.9932155609130859,1
0.9910445213317871,1
0.9884058833122253,1
0.9941147565841675,1
0.9839146733283997,1
0.9896363019943237,1
0.9898326992988586,1
0.9861437082290649,1
0.9922258257865906,1
0.9904743432998657,1
0.9946070909500122,1
0.9849214553833008,1
0.9852856993675232,1
0.9904218912124634,1
0.992917001247406,1
0.9896524548530579,1
0.9861627817153931,1
0.9803271293640137,1
0.9910017251968384,1
0.990174412727356,1
0.9894311428070068,1
0.987855076789856,1
0.9916527271270752,1
0.9897729754447937,1
0.9945815801620483,1
0.993571400642395,1
0.9916108250617981,1
0.9868671894073486,1
0.9414985775947571,1
0.9874835014343262,1
0.9857719540596008,1
0.9911882281303406,1
0.9921070337295532,1
0.9905614852905273,1
0.9913210868835449,1
0.9805595278739929,1
0.9820611476898193,1
0.994452178478241,1
0.9853178858757019,1
0.9876411557197571,1
0.9943417906761169,1
0.9882034659385681,1
0.9883614778518677,1
0.9917035102844238,1
0.9889206886291504,1
0.9895980358123779,1
0.9890640377998352,1
0.9901450872421265,1
0.9906802177429199,1
0.9850409626960754,1
0.9920239448547363,1
0.9880697727203369,1
0.9855301976203918,1
0.9789475798606873,1
0.9916108250617981,1
0.9894379377365112,1
0.9844772219657898,1
0.9883062243461609,1
0.9895409941673279,1
0.9910401105880737,1
0.9882868528366089,1
0.9921823143959045,1
0.9964103698730469,1
0.990086555480957,1
0.9401159286499023,1
0.9915598034858704,1
0.9886718392372131,1
0.9854164719581604,1
0.9894527792930603,1
0.9884708523750305,1
0.9902980327606201,1
0.9909792542457581,1
0.9892293214797974,1
0.9841936230659485,1
0.9874157905578613,1
0.9932135939598083,1
0.9901119470596313,1
0.9888696074485779,1
0.9856206774711609,1
0.9907603859901428,1
0.9911645650863647,1
0.9812521934509277,1
0.9827978014945984,1
0.9932467937469482,1
0.9933910965919495,1
0.9886002540588379,1
0.9915792346000671,1
0.9843889474868774,1
0.995408833026886,1
0.9911083579063416,1
0.9820846319198608,1
0.9851579666137695,1
0.9911225438117981,1
0.9869677424430847,1
0.9920533299446106,1
0.989205002784729,1
0.9921396374702454,1
0.9897123575210571,1
0.9922837018966675,1
0.9886835813522339,1
0.9877612590789795,1
0.9886053800582886,1
0.9867125153541565,1
0.988749623298645,1
0.9910812973976135,1
0.9896212220191956,1
0.9869621992111206,1
0.9860427379608154,1
0.9790922999382019,1
0.9880534410476685,1
0.9883201718330383,1
0.9906648993492126,1
0.9947276711463928,1
0.9903208017349243,1
0.9860458374023438,1
0.9897508025169373,1
0.9914758205413818,1
0.9875190854072571,1
0.9909405708312988,1
0.9916849136352539,1
0.9940032958984375,1
0.9902692437171936,1
0.989722490310669,1
0.9856374859809875,1
0.9878343343734741,1
0.9856255054473877,1
0.9901459217071533,1
0.9801430702209473,1
0.9906713366508484,1
0.9910745620727539,1
0.9923366904258728,1
0.9866715669631958,1
0.9847882390022278,1
0.989190936088562,1
0.9892521500587463,1
0.9876816868782043,1
0.9873642325401306,1
0.9896369576454163,1
0.987385094165802,1
0.9882723689079285,1
0.992029070854187,1
0.9913998246192932,1
0.9931347966194153,1
0.9932360053062439,1
0.9744497537612915,1
0.9893975257873535,1
0.9865798354148865,1
0.9907991290092468,1
0.985013484954834,1
0.9917435050010681,1
0.9888696074485779,1
0.9820848703384399,1
0.9875473380088806,1
0.9910531044006348,1
0.988920271396637,1
0.9901140928268433,1
0.9881539344787598,1
0.9829872250556946,1
0.9868620038032532,1
0.987138032913208,1
0.987206757068634,1
0.989610493183136,1
0.9884713292121887,1
0.9925660490989685,1
0.9808286428451538,1
0.9869495630264282,1
0.9871132373809814,1
0.9914653301239014,1
0.9897153973579407,1
0.9923107028007507,1
0.9808315634727478,1
0.9439341425895691,1
0.9429689049720764,1
0.9857638478279114,1
0.9930230975151062,1
0.9894232749938965,1
0.9892098903656006,1
0.9875905513763428,1
0.989617645740509,1
0.9911136031150818,1
0.9893474578857422,1
0.9855165481567383,1
0.9870390892028809,1
0.9821346402168274,1
0.9888179898262024,1
0.9883860349655151,1
0.9898818135261536,1
0.9933891296386719,1
0.9742343425750732,1
0.9888076186180115,1
0.9967709183692932,1
0.9890016913414001,1
0.9918732643127441,1
0.988497793674469,1
0.9876829981803894,1
0.9937397837638855,1
0.9910227060317993,1
0.9873690605163574,1
0.9888083338737488,1
0.9914467334747314,1
0.9902219772338867,1
0.9872344136238098,1
0.993185818195343,1
0.9844386577606201,1
0.9881347417831421,1
0.9861937761306763,1
0.9830324053764343,1
0.9079700112342834,1
0.978034257888794,1
0.992548406124115,1
0.9915544390678406,1
0.9883771538734436,1
0.9857065081596375,1
0.9934694766998291,1
0.9863185882568359,1
0.9872434139251709,1
0.9869512915611267,1
0.9938122034072876,1
0.9317600727081299,1
0.9466356039047241,1
0.9880040884017944,1
0.9907326698303223,1
0.9890367388725281,1
0.9889384508132935,1
0.9930787682533264,1
0.9882548451423645,1
0.9877610802650452,1
0.9950198531150818,1
0.9806615114212036,1
0.9861959218978882,1
0.9866311550140381,1
0.9912039637565613,1
0.99124675989151,1
0.9943566918373108,1
0.9892668128013611,1
0.9868465662002563,1
0.9914044737815857,1
0.9892918467521667,1
0.9849005341529846,1
0.9929103255271912,1
0.9837073683738708,1
0.991145670413971,1
0.9936496019363403,1
0.9894067645072937,1
0.9903732538223267,1
0.9943774938583374,1
0.9883691072463989,1
0.9924094676971436,1
0.9870370030403137,1
0.9841017723083496,1
0.986924409866333,1
0.9892231225967407,1
0.9852862358093262,1
0.9894378185272217,1
0.9858414530754089,1
0.9886276721954346,1
0.978460967540741,1
0.9859200119972229,1
0.983368992805481,1
0.9894373416900635,1
0.9858526587486267,1
0.9872041344642639,1
0.9844772219657898,1
0.9942286014556885,1
0.993049681186676,1
0.9828138947486877,1
0.9420853853225708,1
0.9879721403121948,1
0.9879063963890076,1
0.9921604990959167,1
0.9919658899307251,1
0.9862138628959656,1
0.9905475378036499,1
0.9880169630050659,1
0.9857661724090576,1
0.9929749965667725,1
0.9901412725448608,1
0.9923164248466492,1
0.9924851059913635,1
0.9882463812828064,1
0.9859368205070496,1
0.9929369688034058,1
0.9867952466011047,1
0.9826961159706116,1
0.9898537993431091,1
0.9907054305076599,1
0.9895645976066589,1
0.9917347431182861,1
0.9870370030403137,1
0.9876207113265991,1
0.9955018162727356,1
0.98581862449646,1
0.9832456111907959,1
0.9880800247192383,1
0.9049608707427979,1
0.9840975999832153,1
0.9811871647834778,1
0.9909549951553345,1
0.9906741380691528,1
0.9920844435691833,1
0.9910661578178406,1
0.9847472310066223,1
0.9902093410491943,1
0.9947122931480408,1
0.9921943545341492,1
0.9910881519317627,1
0.9916344881057739,1
0.9882091283798218,1
0.9908584356307983,1
0.9930515885353088,1
0.9916946887969971,1
0.9908680319786072,1
0.9879425764083862,1
0.9806941151618958,1
0.9872628450393677,1
0.9918528199195862,1
0.9918425679206848,1
0.9908342957496643,1
0.9910401105880737,1
0.9880519509315491,1
0.9874649047851562,1
0.9869846105575562,1
0.9880722761154175,1
0.9873615503311157,1
0.9893048405647278,1
0.9892685413360596,1
0.9881930947303772,1
0.9907495379447937,1
0.9906598925590515,1
0.9904989004135132,1
0.9834854602813721,1
0.9888370633125305,1
0.9843723177909851,1
0.9974287152290344,1
0.9877933859825134,1
0.9896985292434692,1
0.9875222444534302,1
0.9912928342819214,1
0.9918892979621887,1
0.9807796478271484,1
0.9827051758766174,1
0.9935320019721985,1
0.9935728907585144,1
0.9857041239738464,1
0.9712972640991211,1
0.9772275686264038,1
0.9841528534889221,1
0.9929839372634888,1
0.9888618588447571,1
0.9881673455238342,1
0.9890621900558472,1
0.9875136017799377,1
0.992347002029419,1
0.9898921251296997,1
0.9899441003799438,1
0.9908473491668701,1
0.9871264696121216,1
0.9930732846260071,1
0.9866673350334167,1
0.9817923903465271,1
0.9911318421363831,1
0.9884927868843079,1
0.9872434139251709,1
0.9884737730026245,1
0.9862352609634399,1
0.988628625869751,1
0.9896529912948608,1
0.9884737730026245,1
0.9889096021652222,1
0.9828425645828247,1
0.9882405996322632,0
0.9680009484291077,0
0.9871668219566345,0
0.978448212146759,0
0.9825074672698975,0
0.9856542944908142,0
0.9814165830612183,0
0.9807613492012024,0
0.9751580953598022,0
0.982559323310852,0
0.9756056666374207,0
0.9794272184371948,0
0.97954922914505,0
0.9807886481285095,0
0.9832957983016968,0
0.9806709885597229,0
0.9795042276382446,0
0.9858385920524597,0
0.9817706942558289,0
0.9826461672782898,0
0.9820906519889832,0
0.9827295541763306,0
0.986499547958374,0
0.9830055832862854,0
0.9741672873497009,0
0.9814942479133606,0
0.9781182408332825,0
0.982811689376831,0
0.9832157492637634,0
0.9807052612304688,0
0.987989604473114,0
0.9869610071182251,0
0.9808938503265381,0
0.9878206253051758,0
0.9801700711250305,0
0.9853551983833313,0
0.9793143272399902,0
0.980042576789856,0
0.9774898290634155,0
0.9835332036018372,0
0.9885478019714355,0
0.9289610385894775,0
0.9849591255187988,0
0.982937216758728,0
0.9846975803375244,0
0.9787834286689758,0
0.9811007976531982,0
0.9840664863586426,0
0.987115740776062,0
0.9807426333427429,0
0.9901244044303894,0
0.9834707975387573,0
0.9866614937782288,0
0.9814212918281555,0
0.9809561371803284,0
0.9849146008491516,0
0.9855068922042847,0
0.9868097305297852,0
0.9850766062736511,0
0.987021267414093,0
0.9177831411361694,0
0.9804568886756897,0
0.9873603582382202,0
0.9737633466720581,0
0.9802393913269043,0
0.9831961989402771,0
0.9791406989097595,0
0.9828884601593018,0
0.9678789377212524,0
0.9811476469039917,0
0.9845790863037109,0
0.9806305766105652,0
0.9805328249931335,0
0.9815830588340759,0
0.9774197936058044,0
0.9852701425552368,0
0.9848211407661438,0
0.9762457609176636,0
0.9110882878303528,0
0.9789789915084839,0
0.9846394658088684,0
0.9826633930206299,0
0.985425591468811,0
0.9860292673110962,0
0.9815441966056824,0
0.9792149662971497,0
0.9865301251411438,0
0.9803797006607056,0
0.896784782409668,0
0.9794046878814697,0
0.9830037951469421,0
0.9808721542358398,0
0.9751924276351929,0
0.9782958626747131,0
0.9194691777229309,0
0.9819049835205078,0
0.9804683923721313,0
0.981502890586853,0
0.9783056974411011,0
0.9787513017654419,0
0.9840063452720642,0
0.9781282544136047,0
0.9790769219398499,0
0.98382967710495,0
0.9754406809806824,0
0.9841947555541992,0
0.9862073659896851,0
0.9866436719894409,0
0.9866369366645813,0
0.9855010509490967,0
0.9881680607795715,0
0.9794712066650391,0
0.9880048632621765,0
0.9835607409477234,0
0.9840335249900818,0
0.9771714210510254,0
0.9819753766059875,0
0.9808883666992188,0
0.9823645949363708,0
0.9866828918457031,0
0.9810883402824402,0
0.9741390943527222,0
0.9786046147346497,0
0.9882428050041199,0
0.9787925481796265,0
0.9760525822639465,0
0.9747710824012756,0
0.9817403554916382,0
0.9800233840942383,0
0.983882486820221,0
0.9805462956428528,0
0.9862701296806335,0
0.9880884289741516,0
0.9823306202888489,0
0.9822609424591064,0
0.9799855351448059,0
0.9844411611557007,0
0.9810660481452942,0
0.9812811613082886,0
0.979831337928772,0
0.9766299724578857,0
0.9815207719802856,0
0.9796523451805115,0
0.9800738096237183,0
0.9774623513221741,0
0.9034644365310669,0
0.9783408641815186,0
0.9855858087539673,0
0.9824938178062439,0
0.9836402535438538,0
0.9786065816879272,0
0.9836943745613098,0
0.9827589392662048,0
0.9823996424674988,0
0.9149045348167419,0
0.9814081192016602,0
0.9847617149353027,0
0.9848469495773315,0
0.9850669503211975,0
0.9847211241722107,0
0.9807664155960083,0
0.9817305207252502,0
0.9828881621360779,0
0.9782053828239441,0
0.9824182987213135,0
0.9886804223060608,0
0.9838518500328064,0
0.9756937026977539,0
0.9735540151596069,0
0.9765380620956421,0
0.9792541265487671,0
0.9835978150367737,0
0.9878684282302856,0
0.9850935339927673,0
0.9829583168029785,0
0.9811445474624634,0
0.9790037870407104,0
0.9864783883094788,0
0.9847850799560547,0
0.9861307144165039,0
0.986828625202179,0
0.989119291305542,0
0.979702353477478,0
0.9886389374732971,0
0.9895817041397095,0
0.9861307144165039,0
0.9831833839416504,0
0.9828715324401855,0
0.9800425171852112,0
0.9843434691429138,0
0.9826421737670898,0
0.981233537197113,0
0.9897875785827637,0
0.9810850024223328,0
0.9820486307144165,0
0.9854958653450012,0
0.9814066290855408,0
0.982303261756897,0
0.9179784655570984,0
0.9778927564620972,0
0.9829300045967102,0
0.9887971878051758,0
0.9114640355110168,0
0.9851357340812683,0
0.9828528165817261,0
0.9865689277648926,0
0.9786151051521301,0
0.9771494269371033,0
0.9784318804740906,0
0.9844524264335632,0
0.978213906288147,0
0.982617199420929,0
0.973599374294281,0
0.9823273420333862,0
0.9873735904693604,0
0.9761609435081482,0
0.982451856136322,0
0.9863085746765137,0
0.9817914962768555,0
0.980675220489502,0
0.9762208461761475,0
0.9889050126075745,0
0.9778290390968323,0
0.981661319732666,0
0.9805470108985901,0
0.9823098182678223,0
0.9801091551780701,0
0.9902733564376831,0
0.9812901020050049,0
0.9826567769050598,0
0.9832461476325989,0
0.9835724234580994,0
0.9877172112464905,0
0.8969708681106567,0
0.9802958369255066,0
0.985896646976471,0
0.9863596558570862,0
0.9824187755584717,0
0.9739847183227539,0
0.9844070672988892,0
0.9890543222427368,0
0.9812157154083252,0
0.9836846590042114,0
0.9838172793388367,0
0.9741314053535461,0
0.9914433360099792,0
0.979543149471283,0
0.981276273727417,0
0.9801477789878845,0
0.9829049110412598,0
0.9805907011032104,0
0.9879990220069885,0
0.9801293611526489,0
0.9800816178321838,0
0.9795432090759277,0
0.9871938824653625,0
0.8917754888534546,0
0.9850854873657227,0
0.9858075380325317,0
0.9826096296310425,0
0.9807555675506592,0
0.9813368916511536,0
0.9861592054367065,0
0.9800945520401001,0
0.9853449463844299,0
0.9908243417739868,0
0.9873387217521667,0
0.9829712510108948,0
0.9826840758323669,0
0.9812285900115967,0
0.978428065776825,0
0.9837403893470764,0
0.9845927953720093,0
0.9863342046737671,0
0.9818442463874817,0
0.983139157295227,0
0.9834727644920349,0
0.9866698384284973,0
0.9810478091239929,0
0.9772391319274902,0
0.9864587187767029,0
0.9932677149772644,0
0.9790750741958618,0
0.9806630611419678,0
0.9838307499885559,0
0.9822086691856384,0
0.9877893328666687,0
0.9860281944274902,0
0.9769734144210815,0
0.977584719657898,0
0.981541097164154,0
0.9840225577354431,0
0.9806557297706604,0
0.9848816394805908,0
0.9810211062431335,0
0.9797376394271851,0
0.9852596521377563,0
0.9766564965248108,0
0.9769595265388489,0
0.9825119972229004,0
0.9844128489494324,0
0.9914828538894653,0
0.9829959273338318,0
0.9725972414016724,0
0.9865208864212036,0
0.9862788319587708,0
0.9851657152175903,0
0.9799084663391113,0
0.9830989837646484,0
0.9790406227111816,0
0.9805694818496704,0
0.982745885848999,0
0.9839762449264526,0
0.982803225517273,0
0.985297441482544,0
0.9809905886650085,0
0.9794195294380188,0
0.9796603918075562,0
0.9815834164619446,0
0.9812639355659485,0
0.9888685345649719,0
0.9806455373764038,0
0.9847788214683533,0
0.9770247340202332,0
0.9823457598686218,0
0.9720633625984192,0
0.9736001491546631,0
0.9815552830696106,0
0.9879608154296875,0
0.9775831699371338,0
0.9776507616043091,0
0.9803725481033325,0
0.9895884394645691,0
0.9783425331115723,0
0.9796633124351501,0
0.9802172780036926,0
0.929384708404541,0
0.9823009967803955,0
0.9809146523475647,0
0.9821348190307617,0
0.9845516085624695,0
0.9804821610450745,0
0.9860279560089111,0
0.9825361371040344,0
0.977426290512085,0
0.986207902431488,0
0.9877943396568298,0
0.9829701781272888,0
0.9866889119148254,0
0.9866129159927368,0
0.9804791212081909,0
0.9862861633300781,0
0.9821781516075134,0
0.9816163778305054,0
0.986796498298645,0
0.983691930770874,0
0.9834668636322021,0
0.9808273911476135,0
0.9798083305358887,0
0.983579158782959,0
0.9800136089324951,0
0.97993004322052,0
0.9882776141166687,0
0.9868777990341187,0
0.986297070980072,0
0.9832836389541626,0
0.9869384169578552,0
0.9805470705032349,0
0.9824684858322144,0
0.9781707525253296,0
0.9898086190223694,0
0.9867316484451294,0
0.9801969528198242,0
0.9844892621040344,0
0.9813051223754883,0
0.9905595183372498,0
0.9837968945503235,0
0.9106531143188477,0
0.9166554808616638,0
0.9886617064476013,0
0.9859601855278015,0
0.9843814373016357,0
0.9727888107299805,0
0.9842003583908081,0
0.977976381778717,0
0.9753314852714539,0
0.9883112907409668,0
0.9788641929626465,0
0.9804651141166687,0
0.9825649857521057,0
0.9866173267364502,0
0.981966495513916,0
0.9833476543426514,0
0.98743736743927,0
0.9867333173751831,0
0.9832540154457092,0
0.9801307916641235,0
0.979694128036499,0
0.984825611114502,0
0.9807949662208557,0
0.9864354133605957,0
0.9848843216896057,0
0.9821279644966125,0
0.9780631065368652,0
0.9883115887641907,0
0.9805914163589478,0
0.979422926902771,0
0.985632061958313,0
0.9837415814399719,0
0.9784819483757019,0
0.986078143119812,0
0.9777646064758301,0
0.9853212237358093,0
0.9849541783332825,0
0.9845545887947083,0
0.9772427678108215,0
0.9865707159042358,0
0.9846533536911011,0
0.9823874831199646,0
0.9839487075805664,0
0.9819393754005432,0
0.9842000603675842,0
0.9808334112167358,0
0.9806289076805115,0
0.9839600920677185,0
0.9792871475219727,0
0.9890542030334473,0
0.9807960391044617,0
0.9800726175308228,0
0.9853872656822205,0
0.9855800867080688,0
0.982334315776825,0
0.9706517457962036,0
0.9819080233573914,0
0.9784494042396545,0
0.9800167679786682,0
0.9842914342880249,0
0.9800951480865479,0
0.9804902076721191,0
0.9889670610427856,0
0.9786424040794373,0
0.9875679016113281,0
0.9777430295944214,0
0.9835970401763916,0
0.9748755693435669,0
0.9817289710044861,0
0.9842192530632019,0
0.9744398593902588,0
0.9842620491981506,0
0.9875603914260864,0
0.9816980957984924,0
0.9858324527740479,0
0.9899588823318481,0
0.9870326519012451,0
0.9878157377243042,0
0.9749701023101807,0
0.9830633997917175,0
0.9811084270477295,0
0.977358877658844,0
0.9787392020225525,0
0.9828535318374634,0
0.9851640462875366,0
0.9857321381568909,0
0.9808326959609985,0
0.9852331280708313,0
0.9832603931427002,0
0.982223391532898,0
0.9146953225135803,0
0.9843807816505432,0
0.9776484966278076,0
0.977867603302002,0
0.9817577600479126,0
0.984067976474762,0
0.9842159748077393,0
0.9890385270118713,0
0.981528639793396,0
0.9843354821205139,0
0.9844684600830078,0
0.9804401397705078,0
0.9851824045181274,0
0.9835254549980164,0
0.9824156165122986,0
0.9786117076873779,0
0.9846172332763672,0
0.9757992029190063,0
0.9836951494216919,0
0.981923520565033,0
0.9824356436729431,0
0.9191510081291199,0
0.9127988219261169,0
0.976939857006073,0
0.9842975735664368,0
0.982779860496521,0
0.9742735624313354,0
0.9804617762565613,0
0.986041247844696,0
0.9806938767433167,0
0.980177640914917,0
0.9844306707382202,0
0.9833967089653015,0
0.9875961542129517,0
0.9815536141395569,0
0.985040545463562,0
0.9835432171821594,0
0.9813481569290161,0
0.9907255172729492,0
0.9812014698982239,0
0.982258677482605,0
0.9784093499183655,0
0.9845808744430542,0
0.985313355922699,0
0.984515905380249,0
0.9801580905914307,0
0.9801391363143921,0
0.9748232960700989,0
0.9843211770057678,0
0.9841058254241943,0
0.9827117323875427,0
0.9769125580787659,0
0.9764493703842163,0
0.98552405834198,0
0.9857744574546814,0
0.9792060852050781,0
0.9813805222511292,0
0.9828301668167114,0
0.9094699025154114,0
0.9814499020576477,0
0.9808574914932251,0
0.983496904373169,0
0.9750642776489258,0
0.9840455055236816,0
0.9808686971664429,0
0.9844996929168701,0
0.9853460788726807,0
0.9914965629577637,0
0.9803414344787598,0
0.9815464615821838,0
0.9859918355941772,0
0.9839873909950256,0
0.980026364326477,0
0.9882013201713562,0
0.9820225834846497,0
0.9842091202735901,0
0.9877052903175354,0
0.9803668856620789,0
0.9829135537147522,0
0.9773409962654114,0
0.9813940525054932,0
0.9787063002586365,0
0.9828193783760071,0
0.9883539080619812,0
0.978678286075592,0
0.9789302945137024,0
0.9852002859115601,0
0.9860751032829285,0
0.9847339987754822,0
0.9820390939712524,0
0.9786773920059204,0
0.9888734817504883,0
0.9843165278434753,0
0.9880834221839905,0
0.9834468960762024,0
0.9871491193771362,0
0.986025869846344,0
0.9828014969825745,0
0.9801689386367798,0
0.9732257127761841,0
0.9872637987136841,0
0.9710779786109924,0
0.9799124598503113,0
0.9831720590591431,0
0.9823048114776611,0
0.9743453860282898,0
0.9810699820518494,0
0.9809851050376892,0
0.9790423512458801,0
0.9797796607017517,0
0.9837866425514221,0
0.9782779812812805,0
0.9783419370651245,0
0.9876814484596252,0
0.9841670393943787,0
0.9774327278137207,0
0.9807537794113159,0
0.9816538095474243,0
0.9846557378768921,0
0.9809356331825256,0
0.9792245030403137,0
0.9817530512809753,0
0.9831306338310242,0
0.9852724671363831,0
0.987716794013977,0
0.9745672941207886,0
0.9829699397087097,0
0.9796313047409058,0
0.9831514358520508,0
0.9868514537811279,0
0.983725905418396,0
0.9813331961631775,0
0.9804611802101135,0
0.9844766855239868,0
0.9829643368721008,0
0.9802924394607544,0
0.9831199645996094,0
0.9838039875030518,0
0.9827247262001038,0
0.9778687953948975,0
0.9834399223327637,0
0.983252763748169,0
0.9861733317375183,0
0.9844075441360474,0
0.9822090268135071,0
0.986462414264679,0
0.9824939370155334,0
0.9794826507568359,0
0.9786865711212158,0
0.9860578775405884,0
0.9843306541442871,0
0.983292818069458,0
0.9862316250801086,0
0.9826235771179199,0
0.9781447052955627,0
0.9880352020263672,0
0.9823763370513916,0
0.9755362272262573,0
0.9835279583930969,0
0.9804604053497314,0
0.9850983023643494,0
0.9845088720321655,0
0.986467719078064,0
0.9849308729171753,0
0.98801189661026,0
0.9820775389671326,0
0.9829572439193726,0
0.9817987084388733,0
0.9822433590888977,0
0.9733188152313232,0
0.9850950241088867,0
0.9839760661125183,0
0.9841285347938538,0
0.9817672967910767,0
0.9825423359870911,0
0.985126793384552,0
0.977397620677948,0
0.9838182330131531,0
0.9823102951049805,0
0.9857544302940369,0
0.9822460412979126,0
0.98396897315979,0
0.9817266464233398,0
0.9870066046714783,0
0.9797859191894531,0
0.9835101366043091,0
0.9785038232803345,0
0.9862663149833679,0
0.981590747833252,0
0.9795632362365723,0
0.981290340423584,0
0.980139434337616,0
0.9829759001731873,0
0.9857808947563171,0
0.9863930344581604,0
0.9821763634681702,0
0.9853999018669128,0
0.9818283319473267,0
0.9790151119232178,0
0.9833909869194031,0
0.9817178845405579,0
0.978557288646698,0
0.985500693321228,0
0.9890341758728027,0
0.985552966594696,0
0.9821745753288269,0
0.9778410196304321,0
0.9820859432220459,0
0.9794561266899109,0
0.9830976724624634,0
0.9852235317230225,0
0.9832965135574341,0
0.9817869663238525,0
0.9871283173561096,0
0.9775423407554626,0
0.9813318252563477,0
0.9892303347587585,0
0.9173736572265625,0
0.9839379787445068,0
0.9826867580413818,0
0.9820943474769592,0
0.9854344725608826,0
0.9838318228721619,0
0.9781330823898315,0
0.9821977019309998,0
0.9814779758453369,0
0.9836791753768921,0
0.9747613072395325,0
0.9879993796348572,0
0.9804257154464722,0
0.977765679359436,0
0.985927164554596,0
0.985400378704071,0
0.9847668409347534,0
0.9822355508804321,0
0.9844880104064941,0
0.9746023416519165,0
0.9837406277656555,0
0.9813131093978882,0
0.9832409620285034,0
0.9870826005935669,0
0.9884393811225891,0
0.9826517701148987,0
0.9795293211936951,0
0.9876971244812012,0
0.9874316453933716,0
0.9880285263061523,0
0.9823683500289917,0
0.9879649877548218,0
0.985095739364624,0
0.9829577207565308,0
0.9781818985939026,0
0.9809399843215942,0
0.9817754626274109,0
0.9849900603294373,0
0.9844486117362976,0
0.9844900965690613,0
0.9830146431922913,0
0.9838537573814392,0
0.9786393046379089,0
0.9833519458770752,0
0.98833829164505,0
0.9806364178657532,0
0.9822421073913574,0
0.9883267283439636,0
0.9887846112251282,0
0.9905303120613098,0
0.9783766865730286,0
0.980185866355896,0
0.9291912913322449,0
0.9765861630439758,0
0.983478844165802,0
0.9843072295188904,0
0.9763147830963135,0
0.9849178791046143,0
0.9794269800186157,0
0.9866352081298828,0
0.9845210313796997,0
0.9807130098342896,0
0.9875840544700623,0
0.9860989451408386,0
0.9847548007965088,0
0.9766560196876526,0
0.9859663844108582,0
0.9777508974075317,0
0.9797009825706482,0
0.9772177338600159,0
0.9774966239929199,0
0.9840353727340698,0
0.9811038374900818,0
0.9852941036224365,0
0.9886435270309448,0
0.9793574213981628,0
0.9807029962539673,0
0.980545163154602,0
0.9823977947235107,0
0.9800046682357788,0
0.9836331605911255,0
0.9828452467918396,0
0.9869655966758728,0
0.9820221662521362,0
0.9803430438041687,0
0.9768818020820618,0
0.9882062077522278,0
0.9851192235946655,0
0.9825971126556396,0
0.9842613339424133,0
0.9838546514511108,0
0.9801144003868103,0
0.9847195148468018,0
0.9843583106994629,0
0.9817061424255371,0
0.9766156077384949,0
0.9820811152458191,0
0.974280059337616,0
0.983946681022644,0
0.9840266108512878,0
0.9905325770378113,0
0.9815207719802856,0
0.9863672256469727,0
0.9895890355110168,0
0.978607177734375,0
0.9847438335418701,0
0.9044082760810852,0
0.9797244071960449,0
0.980344295501709,0
0.98796546459198,0
0.9156361818313599,0
0.9868324995040894,0
0.9802380204200745,0
0.972330629825592,0
0.9846580624580383,0
0.9873781204223633,0
0.9826492071151733,0
0.9845855832099915,0
0.9813909530639648,0
0.9764729142189026,0
0.9842258095741272,0
0.9792370200157166,0
0.9842140674591064,0
0.9851526021957397,0
0.9832947850227356,0
0.9847255349159241,0
0.9856851100921631,0
0.9741161465644836,0
0.9869622588157654,0
0.9838703870773315,0
0.9812520742416382,0
0.9786157011985779,0
0.9910328388214111,0
0.9811404347419739,0
0.9824323654174805,0
0.9878439903259277,0
0.9865712523460388,0
0.9824239611625671,0
0.9834239482879639,0
0.9840207099914551,0
0.9849985837936401,0
0.9812269806861877,0
0.9834569692611694,0
0.9779642820358276,0
0.9825075268745422,0
0.9753287434577942,0
0.9872784614562988,0
0.9791498780250549,0
0.9831439256668091,0
0.9794042706489563,0
0.9836858510971069,0
0.9784808158874512,0
0.9853283762931824,0
0.9797704219818115,0
0.9852738976478577,0
0.9848855137825012,0
0.9798951745033264,0
0.9832519888877869,0
0.9827620983123779,0
0.9802928566932678,0
0.9763299226760864,0
0.983709454536438,0
0.9831860661506653,0
0.9895897507667542,0
0.908259928226471,0
0.9843659996986389,0
0.9856564998626709,0
0.9831622838973999,0
0.9742264151573181,0
0.983415961265564,0
0.9829745888710022,0
0.9791635274887085,0
0.983163058757782,0
0.9807872176170349,0
0.979993999004364,0
0.9836519956588745,0
0.979426920413971,0
0.9780048727989197,0
0.9852149486541748,0
0.9857797622680664,0
0.98200923204422,0
0.9875780344009399,0
0.9883923530578613,0
0.9831681251525879,0
0.9845748543739319,0
0.9787035584449768,0
0.8973402976989746,0
0.992912232875824,0
0.981958270072937,0
0.9856423735618591,0
0.9858177900314331,0
0.9770162105560303,0
0.9835761785507202,0
0.9115708470344543,0
0.9749365448951721,0
0.9847534894943237,0
0.9818218946456909,0
0.9798573851585388,0
0.9815047979354858,0
0.9793846607208252,0
0.9834389686584473,0
0.9761030673980713,0
0.979844331741333,0
0.9806147813796997,0
0.9721319079399109,0
0.9873787760734558,0
0.9837309122085571,0
0.9776117205619812,0
0.9734140038490295,0
0.9885756969451904,0
0.9849339723587036,0
0.9774172902107239,0
0.9852283596992493,0
0.9883244037628174,0
0.9829098582267761,0
0.984164834022522,0
0.9857811331748962,0
0.9760961532592773,0
0.9860830903053284,0
0.9875164031982422,0
0.9879087805747986,0
0.9802946448326111,0
0.9838557243347168,0
0.9809038639068604,0
0.9848254919052124,0
0.981354296207428,0
0.9833564758300781,0
0.983393132686615,0
0.9843422174453735,0
0.9812852144241333,0
0.9862707257270813,0
0.9809043407440186,0
0.9731464982032776,0
0.9872381091117859,0
0.9791235327720642,0
0.9840065836906433,0
0.9863121509552002,0
0.9870132207870483,0
0.9793592691421509,0
0.9861100912094116,0
0.9818687438964844,0
0.9866049885749817,0
0.9784014225006104,0
0.9815839529037476,0
0.9797291159629822,0
0.9820488691329956,0
0.9826106429100037,0
0.9853798151016235,0
0.9817107915878296,0
0.9806004166603088,0
0.9849128723144531,0
0.9774710536003113,0
0.982958972454071,0
0.9868666529655457,0
0.9763960242271423,0
0.9763039946556091,0
0.9884982705116272,0
0.9825402498245239,0
0.9821309447288513,0
0.9849646687507629,0
0.9864158034324646,0
0.9878212213516235,0
0.9806501269340515,0
0.9271216988563538,0
0.9843998551368713,0
0.9808128476142883,0
0.9829027652740479,0
0.9857582449913025,0
0.9820202589035034,0
0.9798385500907898,0
0.9805245399475098,0
0.9834684133529663,0
0.9840354323387146,0
0.9868909120559692,0
0.981109619140625,0
0.979053258895874,0
0.9813852310180664,0
0.98484867811203,0
0.9835568070411682,0
0.9818782210350037,0
0.9835545420646667,0
0.9899290800094604,0
0.983863115310669,0
0.9792227745056152,0
0.9843533635139465,0
0.9780381321907043,0
0.9813971519470215,0
0.9853565692901611,0
0.985386848449707,0
0.986177921295166,0
0.9823682904243469,0
0.9844933152198792,0
0.9852818250656128,0
0.984078586101532,0
0.9835944175720215,0
0.9747195839881897,0
0.9778483510017395,0
0.9797809720039368,0
0.9840176701545715,0
0.9750853180885315,0
0.982124388217926,0
0.9824070930480957,0
0.9787143468856812,0
0.981583833694458,0
0.9831768274307251,0
0.9836099743843079,0
0.9842575192451477,0
0.9820645451545715,0
0.9870363473892212,0
0.9782889485359192,0
0.9817036986351013,0
0.9851478338241577,0
0.9820156097412109,0
0.9843145608901978,0
0.9814472198486328,0
0.9767420887947083,0
0.9884857535362244,0
0.9834193587303162,0
0.9134402275085449,0
0.9829311370849609,0
0.9805254340171814,0
0.983124315738678,0
0.9823145270347595,0
0.9913710355758667,0
0.9856238961219788,0
0.9800499677658081,0
0.9821029305458069,0
0.9811778664588928,0
0.9868738651275635,0
0.9812012314796448,0
0.9789110422134399,0
0.9793967604637146,0
0.9836435317993164,0
0.9858694076538086,0
0.9852093458175659,0
0.9816716909408569,0
0.9812657237052917,0
0.9848251342773438,0
0.9802965521812439,0
0.9845805764198303,0
0.9900349378585815,0
0.9733752608299255,0
0.9879522323608398,0
0.9832313656806946,0
0.9857965111732483,0
0.9813467264175415,0
0.9816691279411316,0
0.9825575351715088,0
0.9805306196212769,0
0.9836334586143494,0
0.9744060039520264,0
0.9872782230377197,0
0.9867190718650818,0
0.9866647720336914,0
0.9828191995620728,0
0.9858172535896301,0
0.9833471775054932,0
0.980526328086853,0
0.9766160845756531,0
0.9818534255027771,0
0.9142422080039978,0
0.9801141619682312,0
0.9808834791183472,0
0.9846639037132263,0
0.9840660691261292,0
0.9828242659568787,0
0.9814816117286682,0
0.9802022576332092,0
0.9834516644477844,0
0.9876739978790283,0
0.9791678190231323,0
0.9841075539588928,0
0.976775050163269,0
0.9847273826599121,0
0.9780314564704895,0
0.9896470904350281,0
0.9883618950843811,0
0.9834240674972534,0
0.9851987361907959,0
0.9806661009788513,0
0.9343481063842773,0
0.9846856594085693,0
0.9801128506660461,0
0.9835430979728699,0
0.9717823266983032,0
0.9776859283447266,0
0.9741147756576538,0
0.9805609583854675,0
0.9844674468040466,0
0.9801578521728516,0
0.9796423316001892,0
0.9830580949783325,0
0.9837578535079956,0
0.9859318733215332,0
0.983086347579956,0
0.9771559834480286,0
0.9845679998397827,0
0.9830994009971619,0
0.9862109422683716,0
0.9813786149024963,0
0.9858719110488892,0
0.9861384630203247,0
0.9820260405540466,0
0.9836353659629822,0
0.9823899269104004,0
0.9802373647689819,0
0.9865260720252991,0
0.981070339679718,0
0.980762243270874,0
0.9767552614212036,0
0.9796181917190552,0
0.9756348729133606,0
0.9819918870925903,0
0.9845497608184814,0
0.9830939769744873,0
0.9791955947875977,0
0.9833344221115112,0
0.9825608134269714,0
0.9884396195411682,0
0.9772850275039673,0
0.9807001352310181,0
0.9814493656158447,0
0.9880074262619019,0
0.9874244928359985,0
0.9878979325294495,0
0.982211709022522,0
0.9876507520675659,0
0.9851248860359192,0
0.9770047664642334,0
0.985851526260376,0
0.9863059520721436,0
0.984825849533081,0
0.9799208045005798,0
0.9805493354797363,0
0.988096296787262,0
0.979944109916687,0
0.988653838634491,0
0.985689640045166,0
0.9844492673873901,0
0.9861136674880981,0
0.9798059463500977,0
0.9811527729034424,0
0.9819864630699158,0
0.9860364198684692,0
0.9900705814361572,0
0.9854112863540649,0
0.9789800643920898,0
0.9841073155403137,0
0.9783449172973633,0
0.9772238731384277,0
0.9861204028129578,0
0.9773224592208862,0
0.9709979891777039,0
0.9820235371589661,0
0.9794678688049316,0
0.9822303056716919,0
0.9857254028320312,0
0.9887529015541077,0
0.9789378643035889,0
0.9842411279678345,0
0.9871712923049927,0
0.9796531200408936,0
0.9818868637084961,0
0.9811326265335083,0
0.983744740486145,0
0.9799991846084595,0
0.9833155870437622,0
0.9783192873001099,0
0.9807042479515076,0
0.9804477095603943,0
0.9766983985900879,0
0.9802047610282898,0
0.9796267151832581,0
0.981968879699707,0
0.9806724786758423,0
0.9814164638519287,0
0.9835745692253113,0
0.9852443933486938,0
0.9890683889389038,0
0.9821376800537109,0
0.9787907004356384,0
0.9870133399963379,0
0.9917259812355042,0
0.982337236404419,0
0.9745795130729675,0
0.977163553237915,0
0.9886370897293091,0
0.9804896712303162,0
0.9815359115600586,0
0.9826027154922485,0
0.9846984148025513,0
0.9859930872917175,0
0.9798948168754578,0
0.9796692728996277,0
0.9847472310066223,0
0.9827881455421448,0
0.9818102121353149,0
0.9718760251998901,0
0.9845086336135864,0
0.9860800504684448,0
0.9868494272232056,0
0.9792061448097229,0
0.9905521869659424,0
0.9827435612678528,0
0.9804002046585083,0
0.9820300936698914,0
0.9199103713035583,0
0.9818251132965088,0
0.9884325861930847,0
0.9844064712524414,0
0.9849488139152527,0
0.9852592349052429,0
0.9799309968948364,0
0.9824260473251343,0
0.9855833649635315,0
0.9887739419937134,0
0.9862154126167297,0
0.981978178024292,0
0.984560489654541,0
0.9816924333572388,0
0.985278308391571,0
0.9795901775360107,0
0.992036759853363,0
0.9855327606201172,0
0.9813953042030334,0
0.9769488573074341,0
0.9835055470466614,0
0.9866556525230408,0
0.9847150444984436,0
0.9852922558784485,0
0.9810544848442078,0
0.9861046671867371,0
0.9806599020957947,0
0.9822831153869629,0
0.9776280522346497,0
0.9893893003463745,0
0.9841249585151672,0
0.9828236699104309,0
0.9802261590957642,0
0.9834675192832947,0
0.9742012619972229,0
0.9808992147445679,0
0.983180820941925,0
0.9841917157173157,0
0.980666995048523,0
0.9796163439750671,0
0.977279543876648,0
0.979756772518158,0
0.9856886267662048,0
0.9765868186950684,0
0.9824832677841187,0
0.9863966703414917,0
0.9899715781211853,0
0.9828131198883057,0
0.9783706068992615,0
0.9882000684738159,0
0.9732659459114075,0
0.9907487630844116,0
0.9876289367675781,0
0.922568142414093,0
0.9827322959899902,0
0.9748702049255371,0
0.9853609204292297,0
0.9774214625358582,0
0.985969066619873,0
0.9874740839004517,0
0.9850487112998962,0
0.9844880700111389,0
0.9822480082511902,0
0.982162356376648,0
0.9798542857170105,0
0.9754657745361328,0
0.9867476224899292,0
0.983305037021637,0
0.9798973798751831,0
0.9833815097808838,0
0.9749088883399963,0
0.9837581515312195,0
0.9772026538848877,0
0.9818829894065857,0
0.9844100475311279,0
0.9789031744003296,0
0.9823999404907227,0
0.9873817563056946,0
0.9843500256538391,0
0.9835736751556396,0
0.9784144759178162,0
0.9828058481216431,0
0.9790410399436951,0
0.9858466386795044,0
0.9869771003723145,0
0.985066294670105,0
0.9872215986251831,0
0.9793749451637268,0
0.9854004383087158,0
0.9714213013648987,0
0.9866012930870056,0
0.984045684337616,0
0.9836555123329163,0
0.9758669137954712,0
0.982495903968811,0
0.9868295788764954,0
0.9822988510131836,0
0.982736349105835,0
0.9831685423851013,0
0.9807457327842712,0
0.9838083386421204,0
0.9843294620513916,0
0.9844805002212524,0
0.97930508852005,0
0.9819514751434326,0
0.9877973198890686,0
0.9835578203201294,0
0.9748260378837585,0
0.982490062713623,0
0.9804698824882507,0
0.979562520980835,0
0.9887775182723999,0
0.9163599610328674,0
0.9825369119644165,0
0.9821670055389404,0
0.9783589839935303,0
0.9774046540260315,0
0.9838451743125916,0
0.9841743111610413,0
0.978699803352356,0
0.9859020709991455,0
0.9825615882873535,0
0.9827771782875061,0
0.9864920973777771,0
0.9835788607597351,0
0.984706461429596,0
0.904751718044281,0
0.9878991842269897,0
0.9853708744049072,0
0.9812157154083252,0
0.9817984700202942,0
0.9771974682807922,0
0.9883139729499817,0
0.9917576909065247,0
0.9820664525032043,0
0.9865226149559021,0
0.9824704527854919,0
0.9796661138534546,0
0.9825401306152344,0
0.9797236323356628,0
0.9846251606941223,0
0.9799157977104187,0
0.9870948791503906,0
0.9821565747261047,0
0.9820045828819275,0
0.985252320766449,0
0.9875375032424927,0
0.9798470139503479,0
0.9857489466667175,0
0.9841628074645996,0
0.981484591960907,0
0.9834315776824951,0
0.9842050075531006,0
0.982769250869751,0
0.9834321737289429,0
0.9848341345787048,0
0.9754166007041931,0
0.9859026670455933,0
0.9805752635002136,0
0.9793099164962769,0
0.9840976595878601,0
0.9858385920524597,0
0.9833266735076904,0
0.9818453192710876,0
0.9740445017814636,0
0.9849282503128052,0
0.9799880385398865,0
0.9801886081695557,0
0.9895629286766052,0
0.9834696054458618,0
0.9776082038879395,0
0.9830384850502014,0
0.9798988699913025,0
0.9864518046379089,0
0.9846558570861816,0
0.9869886636734009,0
0.9823030233383179,0
0.9844091534614563,0
0.9852486252784729,0
0.976092517375946,0
0.9852721691131592,0
0.9844282865524292,0
0.9786561727523804,0
0.9858411550521851,0
0.9814717173576355,0
0.9829503297805786,0
0.9861456751823425,0
0.9829244017601013,0
0.9859866499900818,0
0.9824615120887756,0
0.9878092408180237,0
0.906455934047699,0
0.9869178533554077,0
0.9773383140563965,0
0.9841022491455078,0
0.9909038543701172,0
0.985640287399292,0
0.9854194521903992,0
0.9814832806587219,0
0.9805667400360107,0
0.9764959812164307,0
0.988215982913971,0
0.9835368990898132,0
0.9820460081100464,0
0.9837702512741089,0
0.986392617225647,0
0.9871926307678223,0
0.978253185749054,0
0.9852609038352966,0
0.9853342771530151,0
0.9833645820617676,0
0.9788581132888794,0
0.9855216145515442,0
0.9826712608337402,0
0.8848961591720581,0
0.9896535873413086,0
0.9862407445907593,0
0.9835017323493958,0
0.9872229099273682,0
0.9815970659255981,0
0.9816003441810608,0
0.9842960834503174,0
0.9821630120277405,0
0.9892012476921082,0
0.9820640087127686,0
0.9793750047683716,0
0.9788722991943359,0
0.9848307967185974,0
0.9798022508621216,0
0.9825215935707092,0
0.9800694584846497,0
0.9763076901435852,0
0.9784289598464966,0
0.9819713234901428,0
0.9762772917747498,0
0.983022928237915,0
0.9844522476196289,0
0.9764593839645386,0
0.9839122891426086,0
0.9099459648132324,0
0.9841026067733765,0
0.9770554304122925,0
0.9855741858482361,0
0.9815086126327515,0
0.9846471548080444,0
0.9772521257400513,0
0.9904349446296692,0
0.9772765636444092,0
0.9830800294876099,0
0.9904991388320923,0
0.9881120920181274,0
0.9123860001564026,0
0.9890758395195007,0
0.9801530838012695,0
0.9775861501693726,0
0.9817089438438416,0
0.9814162254333496,0
0.980420708656311,0
0.9784968495368958,0
0.986489474773407,0
0.9755950570106506,0
0.9828371405601501,0
0.9830784797668457,0
0.982172966003418,0
0.9844671487808228,0
0.9854512810707092,0
0.9779717922210693,0
0.9844385385513306,0
0.9843102693557739,0
0.980451762676239,0
0.9824613332748413,0
0.9788731336593628,0
0.9766894578933716,0
0.9850570559501648,0
0.9861783385276794,0
0.978325605392456,0
0.9217646718025208,0
0.976386547088623,0
0.9828352928161621,0
0.9847642779350281,0
0.9834731221199036,0
0.9169968366622925,0
0.9824899435043335,0
0.9827086329460144,0
0.9792658686637878,0
0.9938586354255676,0
0.9858380556106567,0
0.9792881011962891,0
0.9802790284156799,0
0.9867264628410339,0
0.9814785718917847,0
0.9764777421951294,0
0.9886776804924011,0
0.9112588763237,0
0.9812461137771606,0
0.9874367117881775,0
0.9760556221008301,0
0.9879820346832275,0
0.9762942790985107,0
0.9835161566734314,0
0.9848266243934631,0
0.9849743843078613,0
0.9861629605293274,0
0.9809986352920532,0
0.9812684059143066,0
0.9809441566467285,0
0.9899117946624756,0
0.9814161658287048,0
0.9868956804275513,0
0.9806383848190308,0
0.9775161147117615,0
0.980847179889679,0
0.9869320392608643,0
0.9833860397338867,0
0.9872764348983765,0
0.9802825450897217,0
0.9900539517402649,0
0.9763608574867249,0
0.9845616817474365,0
0.9827146530151367,0
0.9813874959945679,0
0.986158549785614,0
0.9793139100074768,0
0.9804032444953918,0
0.9835097193717957,0
0.9813615083694458,0
0.9833325743675232,0
0.9858754277229309,0
0.9794784188270569,0
0.9833585619926453,0
0.9866951107978821,0
0.9765778183937073,0
0.9834955930709839,0
0.9866307973861694,0
0.9860169887542725,0
0.9781140685081482,0
0.9881711006164551,0
0.980053722858429,0
0.9806913137435913,0
0.9897066354751587,0
0.9799535870552063,0
0.9821251034736633,0
0.9830595254898071,0
0.9798038601875305,0
0.9805195331573486,0
0.976279079914093,0
0.9821015000343323,0
0.9860504865646362,0
0.9751428961753845,0
0.9873534440994263,0
0.9848811626434326,0
0.9825539588928223,0
0.9829039573669434,0
0.9783881902694702,0
0.9881134033203125,0
0.9863110780715942,0
0.9834513664245605,0
0.9773185849189758,0
0.9845513701438904,0
0.9743075966835022,0
0.9847330451011658,0
0.9856682419776917,0
0.981367826461792,0
0.9822482466697693,0
0.9844163060188293,0
0.9749462008476257,0
0.98890620470047,0
0.9829062223434448,0
0.9861400127410889,0
0.9870744347572327,0
0.9829850792884827,0
0.9788159728050232,0
0.9810497760772705,0
0.9735612869262695,0
0.9802068471908569,0
0.983951210975647,0
0.9838495850563049,0
0.9755346775054932,0
0.9886068105697632,0
0.9862972497940063,0
0.9817876815795898,0
0.9852186441421509,0
0.9825173616409302,0
0.9870096445083618,0
0.984764039516449,0
0.9834513664245605,0
0.9823326468467712,0
0.9784266352653503,0
0.9923025369644165,0
0.9825035333633423,0
0.9808370471000671,0
0.9819719195365906,0
0.9848616719245911,0
0.9862314462661743,0
0.9023493528366089,0
0.983500063419342,0
0.9814032316207886,0
0.9903997182846069,0
0.9805017113685608,0
0.9844540357589722,0
0.9821604490280151,0
0.9818581342697144,0
0.9153772592544556,0
0.9857011437416077,0
0.9803650975227356,0
0.9836599826812744,0
0.9865686893463135,0
0.9842036962509155,0
0.9766356348991394,0
0.9805910587310791,0
0.9805899262428284,0
0.9822928309440613,0
0.9860526919364929,0
0.9114216566085815,0
0.9740225672721863,0
0.9843794107437134,0
0.98331618309021,0
0.9784544110298157,0
0.9795311689376831,0
0.9939320683479309,0
0.9828464984893799,0
0.9811010956764221,0
0.9871386289596558,0
0.9048668742179871,0
0.9827995300292969,0
0.9771550893783569,0
0.983437716960907,0
0.9784495830535889,0
0.984010636806488,0
0.9880891442298889,0
0.9776201844215393,0
0.896304190158844,0
0.9230970740318298,0
0.989320695400238,0
0.9823995232582092,0
0.9836877584457397,0
0.9899874329566956,0
0.9832294583320618,0
0.9835485219955444,0
0.9808281660079956,0
0.9791969656944275,0
0.9743850231170654,0
0.9773452877998352,0
0.9882930517196655,0
0.9804216027259827,0
0.975643515586853,0
0.9878618717193604,0
0.9878747463226318,0
0.9838939309120178,0
0.9835246205329895,0
0.98252934217453,0
0.9805782437324524,0
0.9869159460067749,0
0.9752765893936157,0
0.9768293499946594,0
0.9843343496322632,0
0.9789491891860962,0
0.9734302759170532,0
0.9895273447036743,0
0.980625569820404,0
0.9874266386032104,0
0.9882007837295532,0
0.9825896620750427,0
0.97953861951828,0
0.9808757305145264,0
0.988762617111206,0
0.9803221821784973,0
0.9801363348960876,0
0.9875847697257996,0
0.9844722747802734,0
0.9818844199180603,0
0.9796568751335144,0
0.9830037355422974,0
0.9887802004814148,0
0.9799317717552185,0
0.9855569005012512,0
0.9820559024810791,0
0.9829986095428467,0
0.9732745885848999,0
0.9825683236122131,0
0.9824544191360474,0
0.9145961403846741,0
0.978759229183197,0
0.9789536595344543,0
0.9862707853317261,0
0.9860157370567322,0
0.9822763204574585,0
0.9893856048583984,0
0.9844094514846802,0
0.9815802574157715,0
0.9855473041534424,0
0.9852401614189148,0
0.9840983152389526,0
0.9855462908744812,0
0.9854031205177307,0
0.9855713248252869,0
0.9819091558456421,0
0.981531023979187,0
0.9334562420845032,0
0.9788274168968201,0
0.9798747301101685,0
0.9790350794792175,0
0.9792823195457458,0
0.9827074408531189,0
0.920444667339325,0
0.9898792505264282,0
0.9792941808700562,0
0.9827837944030762,0
0.9799304604530334,0
0.9846208095550537,0
0.9305846095085144,0
0.9771706461906433,0
0.9809203147888184,0
0.9796169400215149,0
0.985077440738678,0
0.9837188124656677,0
0.991683840751648,0
0.974552571773529,0
0.9742357730865479,0
0.9792014956474304,0
0.9822537302970886,0
0.9821717739105225,0
0.978948175907135,0
0.9835027456283569,0
0.9843537211418152,0
0.9684686660766602,0
0.9838966727256775,0
0.9772968888282776,0
0.9841454029083252,0
0.9781495928764343,0
0.9816682934761047,0
0.9907988905906677,0
0.9841274619102478,0
0.9921391010284424,0
0.9826884865760803,0
0.9807246923446655,0
0.979910671710968,0
0.9858461022377014,0
0.9853546619415283,0
0.9860442280769348,0
0.9213828444480896,0
0.9843987226486206,0
0.9824677109718323,0
0.9882493615150452,0
0.9788061380386353,0
0.986836850643158,0
0.986942708492279,0
0.986674427986145,0
0.9843820929527283,0
0.9814276099205017,0
0.9848829507827759,0
0.9824329614639282,0
0.9813156127929688,0
0.9906871914863586,0
0.9763666987419128,0
0.9848361611366272,0
0.9354437589645386,0
0.9152928590774536,0
0.9846956133842468,0
0.9797713756561279,0
0.9800863862037659,0
0.9854505062103271,0
0.982298731803894,0
0.98721843957901,0
0.986112654209137,0
0.9728286266326904,0
0.9353929162025452,0
0.9812460541725159,0
0.9759173393249512,0
0.9843359589576721,0
0.9851706624031067,0
0.980698823928833,0
0.9775159955024719,0
0.9856840372085571,0
0.9830864071846008,0
0.9876651167869568,0
0.9841258525848389,0
0.9838601350784302,0
0.9772277474403381,0
0.9771993160247803,0
0.9864739179611206,0
0.9790194630622864,0
0.9796555638313293,0
0.9825941324234009,0
0.9841433167457581,0
0.9294030666351318,0
0.9800000786781311,0
0.9891648888587952,0
0.9841205477714539,0
0.9879927635192871,0
0.9907073378562927,0
0.9850308299064636,0
0.9822309613227844,0
0.9245233535766602,0
0.9827293157577515,0
0.9815337657928467,0
0.9848213791847229,0
0.9797376990318298,0
0.9792740345001221,0
0.9837656617164612,0
0.9860973358154297,0
0.9806429743766785,0
0.9823616147041321,0
0.9834452271461487,0
0.9131901860237122,0
0.9820295572280884,0
0.9813048243522644,0
0.9847760200500488,0
0.9852150678634644,0
0.9766260981559753,0
0.9833700060844421,0
0.9876402616500854,0
0.8915483355522156,0
0.9794859886169434,0
0.9803986549377441,0
0.9804171919822693,0
0.9811304211616516,0
0.9829986095428467,0
0.9814333915710449,0
0.9891029000282288,0
0.9843111038208008,0
0.9780161380767822,0
0.981033980846405,0
0.9859824180603027,0
0.9856493473052979,0
0.9747585654258728,0
0.9099550843238831,0
0.9806717038154602,0
0.9819278120994568,0
0.9868841767311096,0
0.9849531650543213,0
0.9782117009162903,0
0.9821256995201111,0
0.9840001463890076,0
0.9782633185386658,0
0.9874944686889648,0
0.9828240871429443,0
0.9857139587402344,0
0.985993504524231,0
0.9760673642158508,0
0.9808807969093323,0
0.9870463013648987,0
0.9838457703590393,0
0.9766244888305664,0
0.9825282096862793,0
0.9834483861923218,0
0.9889744520187378,0
0.9853636026382446,0
0.9841387271881104,0
0.9819250106811523,0
0.9800612330436707,0
0.9821076989173889,0
0.983303427696228,0
0.9847676157951355,0
0.9833360910415649,0
0.978493869304657,0
0.985329270362854,0
0.9816133379936218,0
0.9817220568656921,0
0.9814424514770508,0
0.9797150492668152,0
0.9880965948104858,0
0.9774200916290283,0
0.9890270829200745,0
0.9866305589675903,0
0.9827764630317688,0
0.9835070967674255,0
0.9822261333465576,0
0.9787271022796631,0
0.9764022827148438,0
0.9802343845367432,0
0.9841154217720032,0
0.9878117442131042,0
0.9827054738998413,0
0.979363203048706,0
0.9864174723625183,0
0.9790157079696655,0
0.9835682511329651,0
0.9798402190208435,0
0.9820985794067383,0
0.9782924056053162,0
0.9787235260009766,0
0.980995237827301,0
0.9821560978889465,0
0.9813977479934692,0
0.98232102394104,0
0.9824984669685364,0
0.9833689332008362,0
0.986750602722168,0
0.9843231439590454,0
0.9823831915855408,0
0.984180212020874,0
0.9884310364723206,0
0.9753314852714539,0
0.977784276008606,0
0.9821875095367432,0
0.9819930791854858,0
0.9843211770057678,0
0.9856110215187073,0
0.9799103736877441,0
0.9880166053771973,0
0.9855098128318787,0
0.9808744192123413,0
0.9841054081916809,0
0.9756556153297424,0
0.9841701984405518,0
0.9736407995223999,0
0.9760106205940247,0
0.9840492606163025,0
0.977730393409729,0
0.9778209328651428,0
0.9781614542007446,0
0.9822731018066406,0
0.9860981702804565,0
0.9806929230690002,0
0.9831168055534363,0
0.9794062376022339,0
0.9863454699516296,0
0.9788649678230286,0
0.9797155261039734,0
0.9909653067588806,0
0.9683336019515991,0
0.9852526783943176,0
0.9851444959640503,0
0.9892122149467468,0
0.9834758043289185,0
0.9793835878372192,0
0.9865171313285828,0
0.98780357837677,0
0.9874725937843323,0
0.9758918881416321,0
0.9809105396270752,0
0.9794318675994873,0
0.9830663204193115,0
0.9800124764442444,0
0.8987112641334534,0
0.9778907895088196,0
0.9862146377563477,0
0.9744186997413635,0
0.9835371375083923,0
0.9800869822502136,0
0.9804238677024841,0
0.985109269618988,0
0.9871989488601685,0
0.9839010834693909,0
0.9874293804168701,0
0.9809953570365906,0
0.9877334237098694,0
0.9867088198661804,0
0.9861092567443848,0
0.9857795834541321,0
0.9833189249038696,0
0.9781815409660339,0
0.9829413294792175,0
0.9802666902542114,0
0.9841814637184143,0
0.9835119247436523,0
0.9912435412406921,0
0.9813627004623413,0
0.9850256443023682,0
0.9750187397003174,0
0.9810320734977722,0
0.9848229885101318,0
0.9810538291931152,0
0.9849365949630737,0
0.98764967918396,0
0.983282744884491,0
0.9939969778060913,0
0.9831458330154419,0
0.9839926362037659,0
0.9869523048400879,0
0.9846225380897522,0
0.9835399985313416,0
0.9822322130203247,0
0.9819148778915405,0
0.9866065979003906,0
0.9759248495101929,0
0.9855345487594604,0
0.9814957976341248,0
0.9871453642845154,0
0.9827892184257507,0
0.9802131652832031,0
0.9845577478408813,0
0.9868584871292114,0
0.9076547026634216,0
0.9841687083244324,0
0.9851359724998474,0
0.9867767095565796,0
0.9812365770339966,0
0.9851007461547852,0
0.9826879501342773,0
0.9839819669723511,0
0.9831425547599792,0
0.9812077283859253,0
0.9855769872665405,0
0.9847897291183472,0
0.9813953638076782,0
0.9880275726318359,0
0.9749007225036621,0
0.9831178784370422,0
0.9809739589691162,0
0.9859362840652466,0
0.982832133769989,0
0.9796743988990784,0
0.9878109693527222,0
0.9899499416351318,0
0.9806029200553894,0
0.9886700510978699,0
0.9892832040786743,0
0.9866819977760315,0
0.9877979159355164,0
0.983129620552063,0
0.9783936142921448,0
0.9825436472892761,0
0.983899712562561,0
0.9852094650268555,0
0.9830397963523865,0
0.9838989973068237,0
0.9836674928665161,0
0.9792506098747253,0
0.9868185520172119,0
0.9809877276420593,0
0.982913613319397,0
0.9761974215507507,0
0.987343430519104,0
0.9834633469581604,0
0.9803044199943542,0
0.978553295135498,0
0.9872491955757141,0
0.9830681681632996,0
0.9849851727485657,0
0.9858003258705139,0
0.9844420552253723,0
0.983635663986206,0
0.9853816628456116,0
0.9816128611564636,0
0.9833149313926697,0
0.9788375496864319,0
0.9788317084312439,0
0.9854804873466492,0
0.9796181917190552,0
0.9756766557693481,0
0.9765684008598328,0
0.9821894764900208,0
0.9807527661323547,0
0.9905633330345154,0
0.9786668419837952,0
0.9831257462501526,0
0.9891364574432373,0
0.9820494651794434,0
0.9848513007164001,0
0.8887088298797607,0
0.9854617118835449,0
0.9840800762176514,0
0.9838106036186218,0
0.9818761944770813,0
0.9800661206245422,0
0.9832800626754761,0
0.9816747307777405,0
0.9827232956886292,0
0.9788037538528442,0
0.9846407771110535,0
0.9856630563735962,0
0.9800909757614136,0
0.9793024659156799,0
0.9783783555030823,0
0.9818797707557678,0
0.9879629611968994,0
0.98473060131073,0
0.9871586561203003,0
0.9807674288749695,0
0.9828572273254395,0
0.990290641784668,0
0.9866737127304077,0
0.9867618083953857,0
0.9873664379119873,0
0.9859850406646729,0
0.9820665121078491,0
0.9704803228378296,0
0.9795753359794617,0
0.9840908646583557,0
0.9837803244590759,0
0.9732760787010193,0
0.9854750037193298,0
0.9827330112457275,0
0.9849141836166382,0
0.9844696521759033,0
0.9808270931243896,0
0.9842836260795593,0
0.9783930778503418,0
0.9485316276550293,0
0.9819468259811401,0
0.9768869876861572,0
0.9863594770431519,0
0.9769353866577148,0
0.9854540824890137,0
0.9847598075866699,0
0.9856275916099548,0
0.9830700159072876,0
0.9835240840911865,0
0.9834526777267456,0
0.9809456467628479,0
0.9828423857688904,0
0.989750325679779,0
0.9887874722480774,0
0.9794946908950806,0
0.9785044193267822,0
0.9889021515846252,0
0.986942708492279,0
0.9842777848243713,0
0.983465850353241,0
0.9838093519210815,0
0.9820200800895691,0
0.9815734624862671,0
0.9727991819381714,0
0.981881320476532,0
0.9809492230415344,0
0.9830695986747742,0
0.9863479733467102,0
0.9809426665306091,0
0.9833275675773621,0
0.9840734601020813,0
0.980660080909729,0
0.9774565696716309,0
0.9819843173027039,0
0.988791286945343,0
0.9093664884567261,0
0.9832804203033447,0
0.9829216599464417,0
0.9175611734390259,0
0.9806485772132874,0
0.9906996488571167,0
0.9888954162597656,0
0.9842997789382935,0
0.9842718243598938,0
0.9789948463439941,0
0.9051918983459473,0
0.9790766835212708,0
0.9805726408958435,0
0.9856093525886536,0
0.9827694296836853,0
0.9795410633087158,0
0.9829360246658325,0
0.9868387579917908,0
0.9862109422683716,0
0.9829349517822266,0
0.9895424246788025,0
0.9876551032066345,0
0.9815331101417542,0
0.9819933176040649,0
0.9876130819320679,0
0.9800317883491516,0
0.9833198189735413,0
0.9801665544509888,0
0.9830413460731506,0
0.9850184917449951,0
0.9830620288848877,0
0.9814030528068542,0
0.9808641672134399,0
0.9854464530944824,0
0.9859411120414734,0
0.9800593256950378,0
0.9804199934005737,0
0.9843240976333618,0
0.978325605392456,0
0.977975606918335,0
0.9908710718154907,0
0.9776874780654907,0
0.9851894378662109,0
0.9880861639976501,0
0.9791138768196106,0
0.9771736860275269,0
0.981916069984436,0
0.9867854118347168,0
0.9777129292488098,0
0.9873539209365845,0
0.9773902893066406,0
0.9748308062553406,0
0.9824708700180054,0
0.9824773669242859,0
0.9810903072357178,0
0.9830456972122192,0
0.9844891428947449,0
0.9876527786254883,0
0.9873478412628174,0
0.9165326356887817,0
0.9877206683158875,0
0.9830708503723145,0
0.9878916144371033,0
0.9785686135292053,0
0.9865312576293945,0
0.971444308757782,0
0.9776895642280579,0
0.9873518347740173,0
0.9794836640357971,0
0.9800806641578674,0
0.9900614023208618,0
0.9872934818267822,0
0.9826962351799011,0
0.9827176332473755,0
0.9855350852012634,0
0.9848645925521851,0
0.9798778295516968,0
0.9828248620033264,0
0.9874565601348877,0
0.9821233749389648,0
0.9792487025260925,0
0.9801549315452576,0
0.9805541038513184,0
0.9787886738777161,0
0.9793844223022461,0
0.9778610467910767,0
0.9805658459663391,0
0.9794389605522156,0
0.9863519072532654,0
0.9810479283332825,0
0.9798368215560913,0
0.923708975315094,0
0.9224361777305603,0
0.9737253189086914,0
0.9873460531234741,0
0.984914243221283,0
0.9849123954772949,0
0.9813119173049927,0
0.9889046549797058,0
0.9794839024543762,0
0.9792026877403259,0
0.9822920560836792,0
0.9807627201080322,0
0.9813593029975891,0
0.987257719039917,0
0.9777707457542419,0
0.9878728985786438,0
0.9845019578933716,0
0.9827768802642822,0
0.9857323169708252,0
0.9854800701141357,0
0.9844473600387573,0
0.9835222363471985,0
0.9871840476989746,0
0.9859764575958252,0
0.9864978194236755,0
0.9824110865592957,0
0.9877653121948242,0
0.9870467782020569,0
0.9810581207275391,0
0.9827985763549805,0
0.9819121956825256,0
0.9805101156234741,0
0.9836767911911011,0
0.9814311265945435,0
0.9827352166175842,0
0.9842014312744141,0
0.9808394908905029,0
0.9838449358940125,0
0.9834285974502563,0
0.9849623441696167,0
0.9859552979469299,0
0.9732682108879089,0
0.9887100458145142,0
0.9149275422096252,0
0.9877236485481262,0
0.9847568869590759,0
0.9783372282981873,0
0.9812240600585938,0
0.9807519316673279,0
0.9837976098060608,0
0.9831587076187134,0
0.9756452441215515,0
0.9808382391929626,0
0.9734393954277039,0
0.987806499004364,0
0.9797188639640808,0
0.9803222417831421,0
0.984865128993988,0
0.9874033331871033,0
0.9783657789230347,0
0.9839882254600525,0
0.8878684639930725,0
0.9881497025489807,0
0.9788603782653809,0
0.9860511422157288,0
0.9817091226577759,0
0.9875679016113281,0
0.982199490070343,0
0.9783337712287903,0
0.9759380221366882,0
0.9871535301208496,0
0.984645426273346,0
0.9825729131698608,0
0.9836261868476868,0
0.9834240674972534,0
0.9806144833564758,0
0.9847172498703003,0
0.988833487033844,0
0.987165629863739,0
0.9873117208480835,0
0.9824098348617554,0
0.988160252571106,0
0.9846407771110535,0
0.9787132740020752,0
0.981100857257843,0
